sku_id,warehouse_id,warehouse_name,category,abc_class,xyz_class,abc_xyz,unit_price,avg_units_sold,lead_time_days,safety_stock,rop,eoq,moq,available_qty,in_transit_qty,total_qty,avg_age_days,overage_qty,stock_alert,age_alert,days_to_stockout,z_value
SKU00001,WH01,美国东岸仓,服装鞋履,C,Y,CY,53.54,0.5,32,2,18,140,50,32,13,45,4,0,正常,正常（4天）,64.0,1.28
SKU00001,WH02,美国西岸仓,服装鞋履,C,Y,CY,53.54,2.09,32,9,76,286,50,35,56,91,30,0,红色预警（需补货）,正常（30天）,16.7,1.28
SKU00001,WH03,欧洲仓(荷兰),服装鞋履,C,Y,CY,53.54,0.5,32,2,18,140,50,11,7,18,5,0,红色预警（需补货）,正常（5天）,22.0,1.28
SKU00001,WH04,英国仓,服装鞋履,C,Y,CY,53.54,0.5,32,2,18,140,50,12,11,23,8,0,红色预警（需补货）,正常（8天）,24.0,1.28
SKU00001,WH05,日本仓,服装鞋履,C,Y,CY,53.54,0.5,32,2,18,140,50,14,0,14,11,0,红色预警（需补货）,正常（11天）,28.0,1.28
SKU00001,WH06,东南亚仓(新加坡),服装鞋履,C,Y,CY,53.54,1.04,32,2,36,202,50,60,0,60,18,0,正常,正常（18天）,57.7,1.28
SKU00002,WH01,美国东岸仓,服装鞋履,C,Y,CY,56.45,1.0,21,1,22,193,100,24,9,33,1,0,黄色预警（关注）,正常（1天）,24.0,1.28
SKU00002,WH02,美国西岸仓,服装鞋履,C,Y,CY,56.45,0.5,21,1,12,136,100,65,6,71,2,0,正常,正常（2天）,130.0,1.28
SKU00002,WH03,欧洲仓(荷兰),服装鞋履,C,Y,CY,56.45,0.5,21,1,12,136,100,21,0,21,17,0,正常,正常（17天）,42.0,1.28
SKU00002,WH04,英国仓,服装鞋履,C,Y,CY,56.45,0.5,21,1,12,136,100,10,0,10,27,0,红色预警（需补货）,正常（27天）,20.0,1.28
SKU00002,WH05,日本仓,服装鞋履,C,Y,CY,56.45,0.5,21,1,12,136,100,15,4,19,87,4,黄色预警（关注）,接近超龄（87天）,30.0,1.28
SKU00002,WH06,东南亚仓(新加坡),服装鞋履,C,Y,CY,56.45,0.5,21,1,12,136,100,62,11,73,2,0,正常,正常（2天）,124.0,1.28
SKU00004,WH01,美国东岸仓,服装鞋履,B,Y,BY,78.21,0.5,20,2,12,116,50,31,4,35,31,0,正常,正常（31天）,62.0,1.65
SKU00004,WH02,美国西岸仓,服装鞋履,B,Y,BY,78.21,4.25,20,11,96,337,50,270,63,333,18,0,正常,正常（18天）,63.5,1.65
SKU00004,WH03,欧洲仓(荷兰),服装鞋履,B,Y,BY,78.21,0.5,20,2,12,116,50,11,0,11,0,0,红色预警（需补货）,正常（0天）,22.0,1.65
SKU00004,WH04,英国仓,服装鞋履,B,Y,BY,78.21,1.8,20,6,42,220,50,66,40,106,7,0,正常,正常（7天）,36.7,1.65
SKU00004,WH05,日本仓,服装鞋履,B,Y,BY,78.21,4.05,20,11,92,329,50,229,0,229,2,0,正常,正常（2天）,56.5,1.65
SKU00004,WH06,东南亚仓(新加坡),服装鞋履,B,Y,BY,78.21,0.5,20,2,12,116,50,9,10,19,25,0,红色预警（需补货）,正常（25天）,18.0,1.65
SKU00005,WH01,美国东岸仓,服装鞋履,C,Y,CY,38.18,1.06,50,3,56,241,50,82,0,82,55,21,黄色预警（关注）,正常（55天）,77.4,1.28
SKU00005,WH02,美国西岸仓,服装鞋履,C,Y,CY,38.18,0.5,50,2,27,166,50,41,9,50,6,0,正常,正常（6天）,82.0,1.28
SKU00005,WH03,欧洲仓(荷兰),服装鞋履,C,Y,CY,38.18,0.5,50,2,27,166,50,29,7,36,17,0,黄色预警（关注）,正常（17天）,58.0,1.28
SKU00005,WH04,英国仓,服装鞋履,C,Y,CY,38.18,0.5,50,2,27,166,50,16,0,16,10,0,红色预警（需补货）,正常（10天）,32.0,1.28
SKU00005,WH05,日本仓,服装鞋履,C,Y,CY,38.18,0.5,50,2,27,166,50,37,23,60,11,0,黄色预警（关注）,正常（11天）,74.0,1.28
SKU00005,WH06,东南亚仓(新加坡),服装鞋履,C,Y,CY,38.18,0.5,50,2,27,166,50,65,0,65,17,0,正常,正常（17天）,130.0,1.28
SKU00006,WH01,美国东岸仓,服装鞋履,A,Y,AY,38.26,0.5,29,2,17,500,500,11,0,11,23,0,红色预警（需补货）,正常（23天）,22.0,2.05
SKU00006,WH02,美国西岸仓,服装鞋履,A,Y,AY,38.26,12.89,29,43,417,839,500,319,0,319,59,54,红色预警（需补货）,超龄（59天 > 45天阈值）,24.7,2.05
SKU00006,WH03,欧洲仓(荷兰),服装鞋履,A,Y,AY,38.26,4.32,29,15,141,500,500,128,64,192,27,0,红色预警（需补货）,正常（27天）,29.6,2.05
SKU00006,WH04,英国仓,服装鞋履,A,Y,AY,38.26,0.5,29,2,17,500,500,22,9,31,25,0,黄色预警（关注）,正常（25天）,44.0,2.05
SKU00006,WH05,日本仓,服装鞋履,A,Y,AY,38.26,0.5,29,2,17,500,500,23,0,23,45,0,黄色预警（关注）,接近超龄（45天）,46.0,2.05
SKU00006,WH06,东南亚仓(新加坡),服装鞋履,A,Y,AY,38.26,3.08,29,12,102,500,500,63,0,63,22,0,红色预警（需补货）,正常（22天）,20.5,2.05
SKU00007,WH01,美国东岸仓,服装鞋履,C,X,CX,48.98,0.5,15,1,9,200,200,11,3,14,25,0,黄色预警（关注）,正常（25天）,22.0,1.28
SKU00007,WH02,美国西岸仓,服装鞋履,C,X,CX,48.98,1.0,15,2,17,207,200,35,17,52,3,0,正常,正常（3天）,35.0,1.28
SKU00007,WH03,欧洲仓(荷兰),服装鞋履,C,X,CX,48.98,0.5,15,1,9,200,200,9,8,17,7,0,红色预警（需补货）,正常（7天）,18.0,1.28
SKU00007,WH04,英国仓,服装鞋履,C,X,CX,48.98,0.5,15,1,9,200,200,29,5,34,6,0,正常,正常（6天）,58.0,1.28
SKU00007,WH05,日本仓,服装鞋履,C,X,CX,48.98,0.5,15,1,9,200,200,10,6,16,10,0,黄色预警（关注）,正常（10天）,20.0,1.28
SKU00007,WH06,东南亚仓(新加坡),服装鞋履,C,X,CX,48.98,0.5,15,1,9,200,200,18,8,26,37,0,正常,正常（37天）,36.0,1.28
SKU00008,WH01,美国东岸仓,服装鞋履,C,Y,CY,24.6,0.5,36,2,20,500,500,13,0,13,57,3,红色预警（需补货）,正常（57天）,26.0,1.28
SKU00008,WH02,美国西岸仓,服装鞋履,C,Y,CY,24.6,1.04,36,2,40,500,500,9,11,20,4,0,红色预警（需补货）,正常（4天）,8.7,1.28
SKU00008,WH03,欧洲仓(荷兰),服装鞋履,C,Y,CY,24.6,0.5,36,2,20,500,500,26,9,35,31,0,黄色预警（关注）,正常（31天）,52.0,1.28
SKU00008,WH04,英国仓,服装鞋履,C,Y,CY,24.6,0.5,36,2,20,500,500,12,15,27,47,3,红色预警（需补货）,正常（47天）,24.0,1.28
SKU00008,WH05,日本仓,服装鞋履,C,Y,CY,24.6,1.0,36,3,39,500,500,26,19,45,6,0,红色预警（需补货）,正常（6天）,26.0,1.28
SKU00008,WH06,东南亚仓(新加坡),服装鞋履,C,Y,CY,24.6,0.5,36,2,20,500,500,40,15,55,39,0,正常,正常（39天）,80.0,1.28
SKU00009,WH01,美国东岸仓,服装鞋履,C,Y,CY,31.57,0.5,36,2,20,182,100,24,8,32,32,0,黄色预警（关注）,正常（32天）,48.0,1.28
SKU00009,WH02,美国西岸仓,服装鞋履,C,Y,CY,31.57,0.5,36,2,20,182,100,7,8,15,70,2,红色预警（需补货）,接近超龄（70天）,14.0,1.28
SKU00009,WH03,欧洲仓(荷兰),服装鞋履,C,Y,CY,31.57,1.39,36,5,56,304,100,108,0,108,65,24,正常,接近超龄（65天）,77.7,1.28
SKU00009,WH04,英国仓,服装鞋履,C,Y,CY,31.57,0.5,36,2,20,182,100,65,10,75,12,0,正常,正常（12天）,130.0,1.28
SKU00009,WH05,日本仓,服装鞋履,C,Y,CY,31.57,0.5,36,2,20,182,100,24,0,24,20,0,黄色预警（关注）,正常（20天）,48.0,1.28
SKU00009,WH06,东南亚仓(新加坡),服装鞋履,C,Y,CY,31.57,1.17,36,4,47,279,100,126,16,142,23,0,正常,正常（23天）,107.7,1.28
SKU00010,WH01,美国东岸仓,服装鞋履,A,Y,AY,32.75,13.32,21,38,318,922,500,767,304,1071,33,0,正常,接近超龄（33天）,57.6,2.05
SKU00010,WH02,美国西岸仓,服装鞋履,A,Y,AY,32.75,6.16,21,19,149,627,500,333,73,406,41,0,正常,接近超龄（41天）,54.1,2.05
SKU00010,WH03,欧洲仓(荷兰),服装鞋履,A,Y,AY,32.75,2.65,21,9,65,500,500,217,42,259,17,0,正常,正常（17天）,81.9,2.05
SKU00010,WH04,英国仓,服装鞋履,A,Y,AY,32.75,0.5,21,2,13,500,500,34,10,44,55,6,正常,超龄（55天 > 45天阈值）,68.0,2.05
SKU00010,WH05,日本仓,服装鞋履,A,Y,AY,32.75,3.11,21,11,77,500,500,83,21,104,15,0,黄色预警（关注）,正常（15天）,26.7,2.05
SKU00010,WH06,东南亚仓(新加坡),服装鞋履,A,Y,AY,32.75,0.5,21,2,13,500,500,17,3,20,0,0,黄色预警（关注）,正常（0天）,34.0,2.05
SKU00011,WH01,美国东岸仓,服装鞋履,C,X,CX,75.16,0.5,17,1,10,200,200,25,0,25,18,0,正常,正常（18天）,50.0,1.28
SKU00011,WH02,美国西岸仓,服装鞋履,C,X,CX,75.16,0.5,17,1,10,200,200,21,3,24,1,0,正常,正常（1天）,42.0,1.28
SKU00011,WH03,欧洲仓(荷兰),服装鞋履,C,X,CX,75.16,1.0,17,2,19,200,200,46,16,62,93,11,正常,超龄（93天 > 90天阈值）,46.0,1.28
SKU00011,WH04,英国仓,服装鞋履,C,X,CX,75.16,0.5,17,1,10,200,200,19,0,19,14,0,正常,正常（14天）,38.0,1.28
SKU00011,WH05,日本仓,服装鞋履,C,X,CX,75.16,0.5,17,1,10,200,200,3,8,11,29,0,红色预警（需补货）,正常（29天）,6.0,1.28
SKU00011,WH06,东南亚仓(新加坡),服装鞋履,C,X,CX,75.16,1.0,17,2,19,200,200,30,0,30,7,0,正常,正常（7天）,30.0,1.28
SKU00012,WH01,美国东岸仓,服装鞋履,C,Y,CY,46.08,1.0,39,1,40,213,50,54,21,75,77,17,黄色预警（关注）,接近超龄（77天）,54.0,1.28
SKU00012,WH02,美国西岸仓,服装鞋履,C,Y,CY,46.08,1.0,39,1,40,213,50,50,20,70,11,0,黄色预警（关注）,正常（11天）,50.0,1.28
SKU00012,WH03,欧洲仓(荷兰),服装鞋履,C,Y,CY,46.08,0.5,39,2,22,151,50,15,0,15,1,0,红色预警（需补货）,正常（1天）,30.0,1.28
SKU00012,WH04,英国仓,服装鞋履,C,Y,CY,46.08,0.5,39,2,22,151,50,10,14,24,2,0,红色预警（需补货）,正常（2天）,20.0,1.28
SKU00012,WH05,日本仓,服装鞋履,C,Y,CY,46.08,0.5,39,2,22,151,50,21,0,21,14,0,红色预警（需补货）,正常（14天）,42.0,1.28
SKU00012,WH06,东南亚仓(新加坡),服装鞋履,C,Y,CY,46.08,0.5,39,2,22,151,50,25,6,31,11,0,黄色预警（关注）,正常（11天）,50.0,1.28
SKU00013,WH01,美国东岸仓,服装鞋履,B,Y,BY,37.19,0.5,55,2,30,200,200,22,24,46,4,0,红色预警（需补货）,正常（4天）,44.0,1.65
SKU00013,WH02,美国西岸仓,服装鞋履,B,Y,BY,37.19,3.32,55,16,199,432,200,56,0,56,22,0,红色预警（需补货）,正常（22天）,16.9,1.65
SKU00013,WH03,欧洲仓(荷兰),服装鞋履,B,Y,BY,37.19,1.08,55,4,64,247,200,104,52,156,15,0,正常,正常（15天）,96.3,1.65
SKU00013,WH04,英国仓,服装鞋履,B,Y,BY,37.19,0.5,55,2,30,200,200,32,32,64,58,5,黄色预警（关注）,接近超龄（58天）,64.0,1.65
SKU00013,WH05,日本仓,服装鞋履,B,Y,BY,37.19,1.04,55,3,61,242,200,9,0,9,2,0,红色预警（需补货）,正常（2天）,8.7,1.65
SKU00013,WH06,东南亚仓(新加坡),服装鞋履,B,Y,BY,37.19,1.0,55,2,57,237,200,25,58,83,0,0,红色预警（需补货）,正常（0天）,25.0,1.65
SKU00014,WH01,美国东岸仓,服装鞋履,C,Y,CY,30.08,0.5,19,1,11,187,100,23,0,23,29,0,正常,正常（29天）,46.0,1.28
SKU00014,WH02,美国西岸仓,服装鞋履,C,Y,CY,30.08,0.5,19,1,11,187,100,30,9,39,8,0,正常,正常（8天）,60.0,1.28
SKU00014,WH03,欧洲仓(荷兰),服装鞋履,C,Y,CY,30.08,1.11,19,2,24,278,100,41,25,66,13,0,正常,正常（13天）,36.9,1.28
SKU00014,WH04,英国仓,服装鞋履,C,Y,CY,30.08,0.5,19,1,11,187,100,28,10,38,48,6,正常,正常（48天）,56.0,1.28
SKU00014,WH05,日本仓,服装鞋履,C,Y,CY,30.08,0.5,19,1,11,187,100,37,0,37,58,9,正常,正常（58天）,74.0,1.28
SKU00014,WH06,东南亚仓(新加坡),服装鞋履,C,Y,CY,30.08,1.14,19,3,25,282,100,56,14,70,0,0,正常,正常（0天）,49.1,1.28
SKU00015,WH01,美国东岸仓,服装鞋履,C,Y,CY,36.47,0.5,33,2,19,170,100,26,19,45,75,7,黄色预警（关注）,接近超龄（75天）,52.0,1.28
SKU00015,WH02,美国西岸仓,服装鞋履,C,Y,CY,36.47,1.0,33,3,36,240,100,42,0,42,9,0,黄色预警（关注）,正常（9天）,42.0,1.28
SKU00015,WH03,欧洲仓(荷兰),服装鞋履,C,Y,CY,36.47,0.5,33,2,19,170,100,28,16,44,2,0,黄色预警（关注）,正常（2天）,56.0,1.28
SKU00015,WH04,英国仓,服装鞋履,C,Y,CY,36.47,0.5,33,2,19,170,100,12,11,23,54,2,红色预警（需补货）,正常（54天）,24.0,1.28
SKU00015,WH05,日本仓,服装鞋履,C,Y,CY,36.47,0.5,33,2,19,170,100,9,14,23,2,0,红色预警（需补货）,正常（2天）,18.0,1.28
SKU00015,WH06,东南亚仓(新加坡),服装鞋履,C,Y,CY,36.47,0.5,33,2,19,170,100,9,0,9,43,0,红色预警（需补货）,正常（43天）,18.0,1.28
SKU00016,WH01,美国东岸仓,服装鞋履,C,X,CX,36.45,0.5,39,2,22,170,50,17,0,17,107,3,红色预警（需补货）,超龄（107天 > 90天阈值）,34.0,1.28
SKU00016,WH02,美国西岸仓,服装鞋履,C,X,CX,36.45,0.5,39,2,22,170,50,29,23,52,34,0,黄色预警（关注）,正常（34天）,58.0,1.28
SKU00016,WH03,欧洲仓(荷兰),服装鞋履,C,X,CX,36.45,0.5,39,2,22,170,50,13,15,28,13,0,红色预警（需补货）,正常（13天）,26.0,1.28
SKU00016,WH04,英国仓,服装鞋履,C,X,CX,36.45,0.5,39,2,22,170,50,27,6,33,15,0,黄色预警（关注）,正常（15天）,54.0,1.28
SKU00016,WH05,日本仓,服装鞋履,C,X,CX,36.45,0.5,39,2,22,170,50,4,0,4,26,0,红色预警（需补货）,正常（26天）,8.0,1.28
SKU00016,WH06,东南亚仓(新加坡),服装鞋履,C,X,CX,36.45,0.5,39,2,22,170,50,32,12,44,8,0,黄色预警（关注）,正常（8天）,64.0,1.28
SKU00017,WH01,美国东岸仓,服装鞋履,C,Y,CY,44.79,0.5,25,1,14,200,200,21,3,24,87,2,黄色预警（关注）,接近超龄（87天）,42.0,1.28
SKU00017,WH02,美国西岸仓,服装鞋履,C,Y,CY,44.79,2.0,25,6,56,306,200,123,18,141,20,0,正常,正常（20天）,61.5,1.28
SKU00017,WH03,欧洲仓(荷兰),服装鞋履,C,Y,CY,44.79,1.0,25,2,27,216,200,92,23,115,15,0,正常,正常（15天）,92.0,1.28
SKU00017,WH04,英国仓,服装鞋履,C,Y,CY,44.79,1.0,25,1,26,216,200,48,8,56,8,0,正常,正常（8天）,48.0,1.28
SKU00017,WH05,日本仓,服装鞋履,C,Y,CY,44.79,1.0,25,1,26,216,200,125,21,146,8,0,正常,正常（8天）,125.0,1.28
SKU00017,WH06,东南亚仓(新加坡),服装鞋履,C,Y,CY,44.79,0.5,25,1,14,200,200,14,10,24,2,0,红色预警（需补货）,正常（2天）,28.0,1.28
SKU00020,WH01,美国东岸仓,服装鞋履,C,Y,CY,28.27,1.93,25,7,56,378,100,129,23,152,3,0,正常,正常（3天）,66.8,1.28
SKU00020,WH02,美国西岸仓,服装鞋履,C,Y,CY,28.27,1.49,25,5,43,332,100,19,24,43,14,0,红色预警（需补货）,正常（14天）,12.8,1.28
SKU00020,WH03,欧洲仓(荷兰),服装鞋履,C,Y,CY,28.27,0.5,25,1,14,193,100,38,12,50,12,0,正常,正常（12天）,76.0,1.28
SKU00020,WH04,英国仓,服装鞋履,C,Y,CY,28.27,0.5,25,1,14,193,100,30,5,35,65,7,正常,接近超龄（65天）,60.0,1.28
SKU00020,WH05,日本仓,服装鞋履,C,Y,CY,28.27,0.5,25,1,14,193,100,14,9,23,9,0,红色预警（需补货）,正常（9天）,28.0,1.28
SKU00020,WH06,东南亚仓(新加坡),服装鞋履,C,Y,CY,28.27,0.5,25,1,14,193,100,16,0,16,3,0,黄色预警（关注）,正常（3天）,32.0,1.28
SKU00021,WH01,美国东岸仓,服装鞋履,C,Y,CY,58.27,0.5,55,2,30,200,200,9,0,9,25,0,红色预警（需补货）,正常（25天）,18.0,1.28
SKU00021,WH02,美国西岸仓,服装鞋履,C,Y,CY,58.27,0.5,55,2,30,200,200,12,19,31,27,0,红色预警（需补货）,正常（27天）,24.0,1.28
SKU00021,WH03,欧洲仓(荷兰),服装鞋履,C,Y,CY,58.27,0.5,55,2,30,200,200,10,0,10,4,0,红色预警（需补货）,正常（4天）,20.0,1.28
SKU00021,WH04,英国仓,服装鞋履,C,Y,CY,58.27,2.46,55,9,145,297,200,49,0,49,3,0,红色预警（需补货）,正常（3天）,19.9,1.28
SKU00021,WH05,日本仓,服装鞋履,C,Y,CY,58.27,0.5,55,2,30,200,200,15,20,35,29,0,红色预警（需补货）,正常（29天）,30.0,1.28
SKU00021,WH06,东南亚仓(新加坡),服装鞋履,C,Y,CY,58.27,1.74,55,7,103,250,200,33,35,68,51,12,红色预警（需补货）,正常（51天）,19.0,1.28
SKU00022,WH01,美国东岸仓,服装鞋履,C,Y,CY,43.21,0.5,35,2,20,156,100,5,17,22,5,0,红色预警（需补货）,正常（5天）,10.0,1.28
SKU00022,WH02,美国西岸仓,服装鞋履,C,Y,CY,43.21,1.3,35,4,50,251,100,33,38,71,11,0,红色预警（需补货）,正常（11天）,25.4,1.28
SKU00022,WH03,欧洲仓(荷兰),服装鞋履,C,Y,CY,43.21,0.5,35,2,20,156,100,28,0,28,7,0,黄色预警（关注）,正常（7天）,56.0,1.28
SKU00022,WH04,英国仓,服装鞋履,C,Y,CY,43.21,1.0,35,3,38,220,100,83,27,110,2,0,正常,正常（2天）,83.0,1.28
SKU00022,WH05,日本仓,服装鞋履,C,Y,CY,43.21,0.5,35,2,20,156,100,23,0,23,7,0,黄色预警（关注）,正常（7天）,46.0,1.28
SKU00022,WH06,东南亚仓(新加坡),服装鞋履,C,Y,CY,43.21,0.5,35,2,20,156,100,11,8,19,9,0,红色预警（需补货）,正常（9天）,22.0,1.28
SKU00024,WH01,美国东岸仓,服装鞋履,C,X,CX,38.3,0.5,28,2,16,166,50,17,9,26,100,2,黄色预警（关注）,超龄（100天 > 90天阈值）,34.0,1.28
SKU00024,WH02,美国西岸仓,服装鞋履,C,X,CX,38.3,0.5,28,2,16,166,50,33,14,47,7,0,正常,正常（7天）,66.0,1.28
SKU00024,WH03,欧洲仓(荷兰),服装鞋履,C,X,CX,38.3,0.5,28,2,16,166,50,17,11,28,21,0,黄色预警（关注）,正常（21天）,34.0,1.28
SKU00024,WH04,英国仓,服装鞋履,C,X,CX,38.3,0.5,28,2,16,166,50,19,0,19,9,0,黄色预警（关注）,正常（9天）,38.0,1.28
SKU00024,WH05,日本仓,服装鞋履,C,X,CX,38.3,0.5,28,2,16,166,50,22,0,22,3,0,黄色预警（关注）,正常（3天）,44.0,1.28
SKU00024,WH06,东南亚仓(新加坡),服装鞋履,C,X,CX,38.3,0.5,28,2,16,166,50,17,6,23,16,0,黄色预警（关注）,正常（16天）,34.0,1.28
SKU00025,WH01,美国东岸仓,服装鞋履,C,X,CX,50.75,0.5,28,2,16,200,200,12,5,17,1,0,红色预警（需补货）,正常（1天）,24.0,1.28
SKU00025,WH02,美国西岸仓,服装鞋履,C,X,CX,50.75,0.5,28,2,16,200,200,37,7,44,28,0,正常,正常（28天）,74.0,1.28
SKU00025,WH03,欧洲仓(荷兰),服装鞋履,C,X,CX,50.75,1.17,28,3,36,220,200,76,21,97,10,0,正常,正常（10天）,65.0,1.28
SKU00025,WH04,英国仓,服装鞋履,C,X,CX,50.75,1.0,28,1,29,203,200,119,11,130,32,0,正常,正常（32天）,119.0,1.28
SKU00025,WH05,日本仓,服装鞋履,C,X,CX,50.75,1.65,28,5,52,261,200,101,0,101,33,0,正常,正常（33天）,61.2,1.28
SKU00025,WH06,东南亚仓(新加坡),服装鞋履,C,X,CX,50.75,1.19,28,3,37,222,200,71,0,71,39,0,正常,正常（39天）,59.7,1.28
SKU00026,WH01,美国东岸仓,服装鞋履,C,Y,CY,50.41,0.5,44,2,24,500,500,9,0,9,42,0,红色预警（需补货）,正常（42天）,18.0,1.28
SKU00026,WH02,美国西岸仓,服装鞋履,C,Y,CY,50.41,0.5,44,2,24,500,500,23,23,46,12,0,红色预警（需补货）,正常（12天）,46.0,1.28
SKU00026,WH03,欧洲仓(荷兰),服装鞋履,C,Y,CY,50.41,1.53,44,7,75,500,500,86,48,134,8,0,黄色预警（关注）,正常（8天）,56.2,1.28
SKU00026,WH04,英国仓,服装鞋履,C,Y,CY,50.41,0.5,44,2,24,500,500,30,0,30,57,6,黄色预警（关注）,正常（57天）,60.0,1.28
SKU00026,WH05,日本仓,服装鞋履,C,Y,CY,50.41,0.5,44,2,24,500,500,31,8,39,70,8,黄色预警（关注）,接近超龄（70天）,62.0,1.28
SKU00026,WH06,东南亚仓(新加坡),服装鞋履,C,Y,CY,50.41,1.77,44,8,86,500,500,33,66,99,19,0,红色预警（需补货）,正常（19天）,18.6,1.28
SKU00027,WH01,美国东岸仓,服装鞋履,C,Y,CY,35.51,1.13,30,3,37,258,100,87,0,87,9,0,正常,正常（9天）,77.0,1.28
SKU00027,WH02,美国西岸仓,服装鞋履,C,Y,CY,35.51,1.05,30,2,34,249,100,39,0,39,21,0,黄色预警（关注）,正常（21天）,37.1,1.28
SKU00027,WH03,欧洲仓(荷兰),服装鞋履,C,Y,CY,35.51,0.5,30,2,17,172,100,41,15,56,2,0,正常,正常（2天）,82.0,1.28
SKU00027,WH04,英国仓,服装鞋履,C,Y,CY,35.51,1.0,30,3,33,243,100,37,30,67,4,0,黄色预警（关注）,正常（4天）,37.0,1.28
SKU00027,WH05,日本仓,服装鞋履,C,Y,CY,35.51,0.5,30,2,17,172,100,18,13,31,29,0,黄色预警（关注）,正常（29天）,36.0,1.28
SKU00027,WH06,东南亚仓(新加坡),服装鞋履,C,Y,CY,35.51,0.5,30,2,17,172,100,16,6,22,59,4,红色预警（需补货）,正常（59天）,32.0,1.28
SKU00028,WH01,美国东岸仓,服装鞋履,B,X,BX,64.55,0.5,52,2,28,200,200,21,11,32,22,0,红色预警（需补货）,正常（22天）,42.0,1.65
SKU00028,WH02,美国西岸仓,服装鞋履,B,X,BX,64.55,11.37,52,45,637,607,200,568,0,568,51,215,红色预警（需补货）,接近超龄（51天）,50.0,1.65
SKU00028,WH03,欧洲仓(荷兰),服装鞋履,B,X,BX,64.55,0.5,52,2,28,200,200,26,24,50,4,0,红色预警（需补货）,正常（4天）,52.0,1.65
SKU00028,WH04,英国仓,服装鞋履,B,X,BX,64.55,0.5,52,2,28,200,200,24,25,49,68,9,红色预警（需补货）,超龄（68天 > 60天阈值）,48.0,1.65
SKU00028,WH05,日本仓,服装鞋履,B,X,BX,64.55,0.5,52,2,28,200,200,13,27,40,3,0,红色预警（需补货）,正常（3天）,26.0,1.65
SKU00028,WH06,东南亚仓(新加坡),服装鞋履,B,X,BX,64.55,8.18,52,34,460,515,200,1009,354,1363,12,0,正常,正常（12天）,123.3,1.65
SKU00030,WH01,美国东岸仓,3C电子,C,Y,CY,134.75,1.55,20,4,35,500,500,34,25,59,3,0,红色预警（需补货）,正常（3天）,21.9,1.28
SKU00030,WH02,美国西岸仓,3C电子,C,Y,CY,134.75,0.5,20,1,11,500,500,21,4,25,9,0,正常,正常（9天）,42.0,1.28
SKU00030,WH03,欧洲仓(荷兰),3C电子,C,Y,CY,134.75,0.5,20,1,11,500,500,7,3,10,67,1,红色预警（需补货）,接近超龄（67天）,14.0,1.28
SKU00030,WH04,英国仓,3C电子,C,Y,CY,134.75,1.0,20,2,22,500,500,42,16,58,7,0,正常,正常（7天）,42.0,1.28
SKU00030,WH05,日本仓,3C电子,C,Y,CY,134.75,1.0,20,2,22,500,500,40,12,52,14,0,正常,正常（14天）,40.0,1.28
SKU00030,WH06,东南亚仓(新加坡),3C电子,C,Y,CY,134.75,0.5,20,1,11,500,500,20,0,20,7,0,正常,正常（7天）,40.0,1.28
SKU00031,WH01,美国东岸仓,3C电子,C,X,CX,101.47,0.5,55,2,30,102,100,34,0,34,11,0,黄色预警（关注）,正常（11天）,68.0,1.28
SKU00031,WH02,美国西岸仓,3C电子,C,X,CX,101.47,1.0,55,3,58,144,100,35,0,35,4,0,红色预警（需补货）,正常（4天）,35.0,1.28
SKU00031,WH03,欧洲仓(荷兰),3C电子,C,X,CX,101.47,0.5,55,2,30,102,100,20,14,34,4,0,红色预警（需补货）,正常（4天）,40.0,1.28
SKU00031,WH04,英国仓,3C电子,C,X,CX,101.47,0.5,55,2,30,102,100,18,28,46,22,0,红色预警（需补货）,正常（22天）,36.0,1.28
SKU00031,WH05,日本仓,3C电子,C,X,CX,101.47,0.5,55,2,30,102,100,15,0,15,101,1,红色预警（需补货）,超龄（101天 > 90天阈值）,30.0,1.28
SKU00031,WH06,东南亚仓(新加坡),3C电子,C,X,CX,101.47,0.5,55,2,30,102,100,5,0,5,9,0,红色预警（需补货）,正常（9天）,10.0,1.28
SKU00032,WH01,美国东岸仓,3C电子,B,X,BX,81.47,0.5,53,2,29,500,500,20,27,47,18,0,红色预警（需补货）,正常（18天）,40.0,1.65
SKU00032,WH02,美国西岸仓,3C电子,B,X,BX,81.47,4.72,53,20,271,500,500,124,135,259,44,0,红色预警（需补货）,接近超龄（44天）,26.3,1.65
SKU00032,WH03,欧洲仓(荷兰),3C电子,B,X,BX,81.47,1.89,53,9,110,500,500,89,56,145,133,29,红色预警（需补货）,超龄（133天 > 60天阈值）,47.1,1.65
SKU00032,WH04,英国仓,3C电子,B,X,BX,81.47,2.01,53,10,117,500,500,82,117,199,72,18,红色预警（需补货）,超龄（72天 > 60天阈值）,40.8,1.65
SKU00032,WH05,日本仓,3C电子,B,X,BX,81.47,0.5,53,2,29,500,500,5,23,28,13,0,红色预警（需补货）,正常（13天）,10.0,1.65
SKU00032,WH06,东南亚仓(新加坡),3C电子,B,X,BX,81.47,0.5,53,2,29,500,500,20,20,40,8,0,红色预警（需补货）,正常（8天）,40.0,1.65
SKU00033,WH01,美国东岸仓,3C电子,A,X,AX,159.47,4.33,53,24,254,500,500,67,93,160,38,0,红色预警（需补货）,接近超龄（38天）,15.5,2.05
SKU00033,WH02,美国西岸仓,3C电子,A,X,AX,159.47,0.5,53,3,30,500,500,15,27,42,10,0,红色预警（需补货）,正常（10天）,30.0,2.05
SKU00033,WH03,欧洲仓(荷兰),3C电子,A,X,AX,159.47,0.5,53,3,30,500,500,4,28,32,40,0,红色预警（需补货）,接近超龄（40天）,8.0,2.05
SKU00033,WH04,英国仓,3C电子,A,X,AX,159.47,1.08,53,4,62,500,500,56,0,56,110,12,红色预警（需补货）,超龄（110天 > 45天阈值）,51.9,2.05
SKU00033,WH05,日本仓,3C电子,A,X,AX,159.47,1.02,53,3,58,500,500,46,0,46,8,0,红色预警（需补货）,正常（8天）,45.1,2.05
SKU00033,WH06,东南亚仓(新加坡),3C电子,A,X,AX,159.47,1.56,53,11,94,500,500,54,43,97,22,0,红色预警（需补货）,正常（22天）,34.6,2.05
SKU00034,WH01,美国东岸仓,3C电子,B,X,BX,117.01,0.5,50,2,27,200,200,12,14,26,37,0,红色预警（需补货）,正常（37天）,24.0,1.65
SKU00034,WH02,美国西岸仓,3C电子,B,X,BX,117.01,4.32,50,18,234,278,200,225,206,431,10,0,红色预警（需补货）,正常（10天）,52.1,1.65
SKU00034,WH03,欧洲仓(荷兰),3C电子,B,X,BX,117.01,1.16,50,6,64,200,200,13,20,33,30,0,红色预警（需补货）,正常（30天）,11.2,1.65
SKU00034,WH04,英国仓,3C电子,B,X,BX,117.01,1.24,50,7,69,200,200,46,24,70,3,0,红色预警（需补货）,正常（3天）,37.1,1.65
SKU00034,WH05,日本仓,3C电子,B,X,BX,117.01,0.5,50,2,27,200,200,29,17,46,12,0,黄色预警（关注）,正常（12天）,58.0,1.65
SKU00034,WH06,东南亚仓(新加坡),3C电子,B,X,BX,117.01,0.5,50,2,27,200,200,38,13,51,40,0,黄色预警（关注）,正常（40天）,76.0,1.65
SKU00035,WH01,美国东岸仓,3C电子,A,X,AX,136.19,4.92,49,25,267,275,50,131,102,233,135,30,红色预警（需补货）,超龄（135天 > 45天阈值）,26.6,2.05
SKU00035,WH02,美国西岸仓,3C电子,A,X,AX,136.19,0.5,49,3,28,88,50,15,23,38,73,4,红色预警（需补货）,超龄（73天 > 45天阈值）,30.0,2.05
SKU00035,WH03,欧洲仓(荷兰),3C电子,A,X,AX,136.19,1.06,49,5,57,128,50,64,0,64,30,0,黄色预警（关注）,正常（30天）,60.4,2.05
SKU00035,WH04,英国仓,3C电子,A,X,AX,136.19,3.15,49,17,172,220,50,140,51,191,55,0,红色预警（需补货）,超龄（55天 > 45天阈值）,44.4,2.05
SKU00035,WH05,日本仓,3C电子,A,X,AX,136.19,0.5,49,3,28,88,50,30,27,57,1,0,黄色预警（关注）,正常（1天）,60.0,2.05
SKU00035,WH06,东南亚仓(新加坡),3C电子,A,X,AX,136.19,0.5,49,3,28,88,50,17,28,45,129,4,红色预警（需补货）,超龄（129天 > 45天阈值）,34.0,2.05
SKU00036,WH01,美国东岸仓,3C电子,C,X,CX,136.18,1.0,22,1,23,200,200,80,23,103,1,0,正常,正常（1天）,80.0,1.28
SKU00036,WH02,美国西岸仓,3C电子,C,X,CX,136.18,1.0,22,2,24,200,200,32,0,32,3,0,黄色预警（关注）,正常（3天）,32.0,1.28
SKU00036,WH03,欧洲仓(荷兰),3C电子,C,X,CX,136.18,0.5,22,1,12,200,200,18,3,21,17,0,黄色预警（关注）,正常（17天）,36.0,1.28
SKU00036,WH04,英国仓,3C电子,C,X,CX,136.18,0.5,22,1,12,200,200,29,9,38,97,8,正常,超龄（97天 > 90天阈值）,58.0,1.28
SKU00036,WH05,日本仓,3C电子,C,X,CX,136.18,0.5,22,1,12,200,200,7,3,10,93,1,红色预警（需补货）,超龄（93天 > 90天阈值）,14.0,1.28
SKU00036,WH06,东南亚仓(新加坡),3C电子,C,X,CX,136.18,0.5,22,1,12,200,200,58,6,64,65,12,正常,接近超龄（65天）,116.0,1.28
SKU00037,WH01,美国东岸仓,3C电子,B,X,BX,118.5,0.5,44,2,24,100,100,25,26,51,65,5,黄色预警（关注）,超龄（65天 > 60天阈值）,50.0,1.65
SKU00037,WH02,美国西岸仓,3C电子,B,X,BX,118.5,4.12,44,17,199,270,100,229,0,229,5,0,黄色预警（关注）,正常（5天）,55.6,1.65
SKU00037,WH03,欧洲仓(荷兰),3C电子,B,X,BX,118.5,0.5,44,2,24,100,100,17,0,17,11,0,红色预警（需补货）,正常（11天）,34.0,1.65
SKU00037,WH04,英国仓,3C电子,B,X,BX,118.5,0.5,44,2,24,100,100,3,15,18,21,0,红色预警（需补货）,正常（21天）,6.0,1.65
SKU00037,WH05,日本仓,3C电子,B,X,BX,118.5,1.26,44,6,62,149,100,40,55,95,4,0,红色预警（需补货）,正常（4天）,31.7,1.65
SKU00037,WH06,东南亚仓(新加坡),3C电子,B,X,BX,118.5,0.5,44,2,24,100,100,31,15,46,42,0,黄色预警（关注）,正常（42天）,62.0,1.65
SKU00038,WH01,美国东岸仓,3C电子,A,X,AX,47.97,0.5,47,3,27,200,200,22,0,22,128,6,红色预警（需补货）,超龄（128天 > 45天阈值）,44.0,2.05
SKU00038,WH02,美国西岸仓,3C电子,A,X,AX,47.97,19.72,47,89,1016,926,200,898,0,898,8,0,红色预警（需补货）,正常（8天）,45.5,2.05
SKU00038,WH03,欧洲仓(荷兰),3C电子,A,X,AX,47.97,0.5,47,3,27,200,200,10,14,24,2,0,红色预警（需补货）,正常（2天）,20.0,2.05
SKU00038,WH04,英国仓,3C电子,A,X,AX,47.97,0.5,47,3,27,200,200,62,28,90,8,0,正常,正常（8天）,124.0,2.05
SKU00038,WH05,日本仓,3C电子,A,X,AX,47.97,11.2,47,57,584,698,200,633,230,863,76,105,黄色预警（关注）,超龄（76天 > 45天阈值）,56.5,2.05
SKU00038,WH06,东南亚仓(新加坡),3C电子,A,X,AX,47.97,0.5,47,3,27,200,200,15,19,34,4,0,红色预警（需补货）,正常（4天）,30.0,2.05
SKU00039,WH01,美国东岸仓,3C电子,A,X,AX,123.71,56.2,55,282,3373,974,50,2581,0,2581,98,998,红色预警（需补货）,超龄（98天 > 45天阈值）,45.9,2.05
SKU00039,WH02,美国西岸仓,3C电子,A,X,AX,123.71,83.33,55,365,4949,1186,50,6547,3646,10193,4,0,黄色预警（关注）,正常（4天）,78.6,2.05
SKU00039,WH03,欧洲仓(荷兰),3C电子,A,X,AX,123.71,0.5,55,3,31,92,50,19,0,19,57,0,红色预警（需补货）,超龄（57天 > 45天阈值）,38.0,2.05
SKU00039,WH04,英国仓,3C电子,A,X,AX,123.71,0.5,55,3,31,92,50,13,0,13,51,0,红色预警（需补货）,超龄（51天 > 45天阈值）,26.0,2.05
SKU00039,WH05,日本仓,3C电子,A,X,AX,123.71,20.39,55,92,1214,587,50,413,821,1234,40,0,红色预警（需补货）,接近超龄（40天）,20.3,2.05
SKU00039,WH06,东南亚仓(新加坡),3C电子,A,X,AX,123.71,0.5,55,3,31,92,50,25,22,47,13,0,红色预警（需补货）,正常（13天）,50.0,2.05
SKU00040,WH01,美国东岸仓,3C电子,C,X,CX,123.92,1.02,24,1,26,132,100,79,26,105,90,24,正常,接近超龄（90天）,77.5,1.28
SKU00040,WH02,美国西岸仓,3C电子,C,X,CX,123.92,1.03,24,2,27,132,100,73,21,94,62,10,正常,正常（62天）,70.9,1.28
SKU00040,WH03,欧洲仓(荷兰),3C电子,C,X,CX,123.92,0.5,24,1,13,100,100,41,0,41,78,5,正常,接近超龄（78天）,82.0,1.28
SKU00040,WH04,英国仓,3C电子,C,X,CX,123.92,0.5,24,1,13,100,100,18,0,18,76,6,黄色预警（关注）,接近超龄（76天）,36.0,1.28
SKU00040,WH05,日本仓,3C电子,C,X,CX,123.92,0.5,24,1,13,100,100,11,0,11,43,0,红色预警（需补货）,正常（43天）,22.0,1.28
SKU00040,WH06,东南亚仓(新加坡),3C电子,C,X,CX,123.92,0.5,24,1,13,100,100,50,0,50,45,0,正常,正常（45天）,100.0,1.28
SKU00041,WH01,美国东岸仓,3C电子,C,X,CX,111.12,2.9,49,10,153,234,100,167,0,167,64,43,黄色预警（关注）,接近超龄（64天）,57.6,1.28
SKU00041,WH02,美国西岸仓,3C电子,C,X,CX,111.12,0.5,49,2,27,100,100,37,27,64,4,0,黄色预警（关注）,正常（4天）,74.0,1.28
SKU00041,WH03,欧洲仓(荷兰),3C电子,C,X,CX,111.12,1.12,49,3,58,145,100,120,0,120,16,0,正常,正常（16天）,107.1,1.28
SKU00041,WH04,英国仓,3C电子,C,X,CX,111.12,0.5,49,2,27,100,100,17,14,31,43,0,红色预警（需补货）,正常（43天）,34.0,1.28
SKU00041,WH05,日本仓,3C电子,C,X,CX,111.12,0.5,49,2,27,100,100,10,28,38,62,1,红色预警（需补货）,正常（62天）,20.0,1.28
SKU00041,WH06,东南亚仓(新加坡),3C电子,C,X,CX,111.12,0.5,49,2,27,100,100,15,0,15,17,0,红色预警（需补货）,正常（17天）,30.0,1.28
SKU00042,WH01,美国东岸仓,3C电子,C,Y,CY,201.29,2.32,46,9,116,200,200,132,74,206,14,0,黄色预警（关注）,正常（14天）,56.9,1.28
SKU00042,WH02,美国西岸仓,3C电子,C,Y,CY,201.29,0.5,46,2,25,200,200,41,10,51,71,12,正常,接近超龄（71天）,82.0,1.28
SKU00042,WH03,欧洲仓(荷兰),3C电子,C,Y,CY,201.29,0.5,46,2,25,200,200,8,20,28,14,0,红色预警（需补货）,正常（14天）,16.0,1.28
SKU00042,WH04,英国仓,3C电子,C,Y,CY,201.29,0.5,46,2,25,200,200,29,26,55,24,0,黄色预警（关注）,正常（24天）,58.0,1.28
SKU00042,WH05,日本仓,3C电子,C,Y,CY,201.29,1.08,46,3,53,200,200,43,0,43,186,9,红色预警（需补货）,超龄（186天 > 90天阈值）,39.8,1.28
SKU00042,WH06,东南亚仓(新加坡),3C电子,C,Y,CY,201.29,0.5,46,2,25,200,200,21,0,21,1,0,红色预警（需补货）,正常（1天）,42.0,1.28
SKU00043,WH01,美国东岸仓,3C电子,B,X,BX,90.42,1.32,34,5,50,200,200,51,32,83,155,7,黄色预警（关注）,超龄（155天 > 60天阈值）,38.6,1.65
SKU00043,WH02,美国西岸仓,3C电子,B,X,BX,90.42,0.5,34,2,19,200,200,38,18,56,64,10,正常,超龄（64天 > 60天阈值）,76.0,1.65
SKU00043,WH03,欧洲仓(荷兰),3C电子,B,X,BX,90.42,1.11,34,4,42,200,200,17,32,49,71,4,红色预警（需补货）,超龄（71天 > 60天阈值）,15.3,1.65
SKU00043,WH04,英国仓,3C电子,B,X,BX,90.42,0.5,34,2,19,200,200,9,11,20,10,0,红色预警（需补货）,正常（10天）,18.0,1.65
SKU00043,WH05,日本仓,3C电子,B,X,BX,90.42,1.06,34,3,40,200,200,26,19,45,71,5,红色预警（需补货）,超龄（71天 > 60天阈值）,24.5,1.65
SKU00043,WH06,东南亚仓(新加坡),3C电子,B,X,BX,90.42,0.5,34,2,19,200,200,11,0,11,22,0,红色预警（需补货）,正常（22天）,22.0,1.65
SKU00046,WH01,美国东岸仓,3C电子,C,Y,CY,124.15,1.02,23,1,25,131,100,70,18,88,57,0,正常,正常（57天）,68.6,1.28
SKU00046,WH02,美国西岸仓,3C电子,C,Y,CY,124.15,1.42,23,4,37,155,100,63,28,91,10,0,正常,正常（10天）,44.4,1.28
SKU00046,WH03,欧洲仓(荷兰),3C电子,C,Y,CY,124.15,1.0,23,1,24,130,100,25,0,25,13,0,黄色预警（关注）,正常（13天）,25.0,1.28
SKU00046,WH04,英国仓,3C电子,C,Y,CY,124.15,0.5,23,1,13,100,100,30,11,41,24,0,正常,正常（24天）,60.0,1.28
SKU00046,WH05,日本仓,3C电子,C,Y,CY,124.15,0.5,23,1,13,100,100,13,3,16,90,3,红色预警（需补货）,接近超龄（90天）,26.0,1.28
SKU00046,WH06,东南亚仓(新加坡),3C电子,C,Y,CY,124.15,0.5,23,1,13,100,100,27,12,39,103,6,正常,超龄（103天 > 90天阈值）,54.0,1.28
SKU00047,WH01,美国东岸仓,3C电子,C,Y,CY,93.86,2.3,31,9,81,227,100,75,34,109,43,0,红色预警（需补货）,正常（43天）,32.6,1.28
SKU00047,WH02,美国西岸仓,3C电子,C,Y,CY,93.86,0.5,31,2,18,106,100,27,0,27,56,0,黄色预警（关注）,正常（56天）,54.0,1.28
SKU00047,WH03,欧洲仓(荷兰),3C电子,C,Y,CY,93.86,1.24,31,4,43,166,100,75,0,75,159,11,正常,超龄（159天 > 90天阈值）,60.5,1.28
SKU00047,WH04,英国仓,3C电子,C,Y,CY,93.86,1.14,31,3,39,160,100,67,0,67,92,15,正常,超龄（92天 > 90天阈值）,58.8,1.28
SKU00047,WH05,日本仓,3C电子,C,Y,CY,93.86,0.5,31,2,18,106,100,19,6,25,22,0,黄色预警（关注）,正常（22天）,38.0,1.28
SKU00047,WH06,东南亚仓(新加坡),3C电子,C,Y,CY,93.86,1.3,31,5,46,170,100,88,23,111,66,12,正常,接近超龄（66天）,67.7,1.28
SKU00048,WH01,美国东岸仓,3C电子,C,X,CX,104.61,0.5,28,2,16,500,500,42,0,42,3,0,正常,正常（3天）,84.0,1.28
SKU00048,WH02,美国西岸仓,3C电子,C,X,CX,104.61,0.5,28,2,16,500,500,15,14,29,25,0,红色预警（需补货）,正常（25天）,30.0,1.28
SKU00048,WH03,欧洲仓(荷兰),3C电子,C,X,CX,104.61,1.0,28,3,31,500,500,33,12,45,8,0,黄色预警（关注）,正常（8天）,33.0,1.28
SKU00048,WH04,英国仓,3C电子,C,X,CX,104.61,0.5,28,2,16,500,500,9,10,19,83,3,红色预警（需补货）,接近超龄（83天）,18.0,1.28
SKU00048,WH05,日本仓,3C电子,C,X,CX,104.61,0.5,28,2,16,500,500,30,0,30,5,0,正常,正常（5天）,60.0,1.28
SKU00048,WH06,东南亚仓(新加坡),3C电子,C,X,CX,104.61,0.5,28,2,16,500,500,8,16,24,1,0,红色预警（需补货）,正常（1天）,16.0,1.28
SKU00049,WH01,美国东岸仓,3C电子,C,X,CX,133.1,0.5,34,2,19,100,100,14,9,23,31,0,红色预警（需补货）,正常（31天）,28.0,1.28
SKU00049,WH02,美国西岸仓,3C电子,C,X,CX,133.1,0.5,34,2,19,100,100,4,19,23,0,0,红色预警（需补货）,正常（0天）,8.0,1.28
SKU00049,WH03,欧洲仓(荷兰),3C电子,C,X,CX,133.1,0.5,34,2,19,100,100,51,12,63,32,0,正常,正常（32天）,102.0,1.28
SKU00049,WH04,英国仓,3C电子,C,X,CX,133.1,4.71,34,11,172,272,100,247,0,247,1,0,黄色预警（关注）,正常（1天）,52.4,1.28
SKU00049,WH05,日本仓,3C电子,C,X,CX,133.1,0.5,34,2,19,100,100,18,0,18,50,0,红色预警（需补货）,正常（50天）,36.0,1.28
SKU00049,WH06,东南亚仓(新加坡),3C电子,C,X,CX,133.1,3.46,34,10,128,233,100,184,82,266,91,28,黄色预警（关注）,超龄（91天 > 90天阈值）,53.2,1.28
SKU00050,WH01,美国东岸仓,3C电子,A,X,AX,120.21,13.86,43,55,651,491,200,834,545,1379,30,0,黄色预警（关注）,正常（30天）,60.2,2.05
SKU00050,WH02,美国西岸仓,3C电子,A,X,AX,120.21,0.5,43,3,25,200,200,30,7,37,120,9,黄色预警（关注）,超龄（120天 > 45天阈值）,60.0,2.05
SKU00050,WH03,欧洲仓(荷兰),3C电子,A,X,AX,120.21,0.5,43,3,25,200,200,16,14,30,47,0,红色预警（需补货）,超龄（47天 > 45天阈值）,32.0,2.05
SKU00050,WH04,英国仓,3C电子,A,X,AX,120.21,4.14,43,20,199,269,200,143,61,204,170,31,红色预警（需补货）,超龄（170天 > 45天阈值）,34.5,2.05
SKU00050,WH05,日本仓,3C电子,A,X,AX,120.21,9.09,43,39,430,398,200,699,376,1075,94,154,正常,超龄（94天 > 45天阈值）,76.9,2.05
SKU00050,WH06,东南亚仓(新加坡),3C电子,A,X,AX,120.21,5.33,43,24,254,305,200,186,225,411,71,42,红色预警（需补货）,超龄（71天 > 45天阈值）,34.9,2.05
SKU00051,WH01,美国东岸仓,3C电子,C,Y,CY,73.12,0.5,30,2,17,120,50,18,4,22,17,0,黄色预警（关注）,正常（17天）,36.0,1.28
SKU00051,WH02,美国西岸仓,3C电子,C,Y,CY,73.12,2.77,30,9,93,282,50,111,54,165,26,0,黄色预警（关注）,正常（26天）,40.1,1.28
SKU00051,WH03,欧洲仓(荷兰),3C电子,C,Y,CY,73.12,1.86,30,7,63,231,50,48,0,48,3,0,红色预警（需补货）,正常（3天）,25.8,1.28
SKU00051,WH04,英国仓,3C电子,C,Y,CY,73.12,1.29,30,5,44,192,50,67,27,94,21,0,正常,正常（21天）,51.9,1.28
SKU00051,WH05,日本仓,3C电子,C,Y,CY,73.12,0.5,30,2,17,120,50,30,4,34,18,0,正常,正常（18天）,60.0,1.28
SKU00051,WH06,东南亚仓(新加坡),3C电子,C,Y,CY,73.12,1.13,30,3,37,180,50,45,26,71,42,0,黄色预警（关注）,正常（42天）,39.8,1.28
SKU00052,WH01,美国东岸仓,3C电子,A,X,AX,106.44,49.21,16,106,894,982,200,3876,913,4789,0,0,正常,正常（0天）,78.8,2.05
SKU00052,WH02,美国西岸仓,3C电子,A,X,AX,106.44,34.3,16,79,628,820,200,522,608,1130,12,0,红色预警（需补货）,正常（12天）,15.2,2.05
SKU00052,WH03,欧洲仓(荷兰),3C电子,A,X,AX,106.44,23.47,16,53,429,679,200,1183,231,1414,4,0,正常,正常（4天）,50.4,2.05
SKU00052,WH04,英国仓,3C电子,A,X,AX,106.44,0.5,16,2,10,200,200,17,0,17,16,0,正常,正常（16天）,34.0,2.05
SKU00052,WH05,日本仓,3C电子,A,X,AX,106.44,0.5,16,2,10,200,200,31,6,37,56,0,正常,超龄（56天 > 45天阈值）,62.0,2.05
SKU00052,WH06,东南亚仓(新加坡),3C电子,A,X,AX,106.44,0.5,16,2,10,200,200,13,0,13,8,0,黄色预警（关注）,正常（8天）,26.0,2.05
SKU00053,WH01,美国东岸仓,3C电子,C,Y,CY,113.41,0.5,52,2,28,100,100,15,24,39,5,0,红色预警（需补货）,正常（5天）,30.0,1.28
SKU00053,WH02,美国西岸仓,3C电子,C,Y,CY,113.41,1.07,52,3,59,141,100,36,41,77,73,9,红色预警（需补货）,接近超龄（73天）,33.6,1.28
SKU00053,WH03,欧洲仓(荷兰),3C电子,C,Y,CY,113.41,1.0,52,3,55,136,100,16,43,59,76,5,红色预警（需补货）,接近超龄（76天）,16.0,1.28
SKU00053,WH04,英国仓,3C电子,C,Y,CY,113.41,0.5,52,2,28,100,100,10,17,27,82,3,红色预警（需补货）,接近超龄（82天）,20.0,1.28
SKU00053,WH05,日本仓,3C电子,C,Y,CY,113.41,1.0,52,1,53,136,100,33,28,61,77,7,红色预警（需补货）,接近超龄（77天）,33.0,1.28
SKU00053,WH06,东南亚仓(新加坡),3C电子,C,Y,CY,113.41,1.0,52,1,53,136,100,26,36,62,39,0,红色预警（需补货）,正常（39天）,26.0,1.28
SKU00054,WH01,美国东岸仓,3C电子,A,X,AX,232.21,2.42,55,15,149,148,50,89,65,154,4,0,红色预警（需补货）,正常（4天）,36.8,2.05
SKU00054,WH02,美国西岸仓,3C电子,A,X,AX,232.21,2.25,55,15,139,143,50,38,98,136,11,0,红色预警（需补货）,正常（11天）,16.9,2.05
SKU00054,WH03,欧洲仓(荷兰),3C电子,A,X,AX,232.21,1.04,55,3,61,97,50,51,67,118,6,0,红色预警（需补货）,正常（6天）,49.0,2.05
SKU00054,WH04,英国仓,3C电子,A,X,AX,232.21,0.5,55,3,31,68,50,20,26,46,53,0,红色预警（需补货）,超龄（53天 > 45天阈值）,40.0,2.05
SKU00054,WH05,日本仓,3C电子,A,X,AX,232.21,0.5,55,3,31,68,50,28,0,28,57,0,红色预警（需补货）,超龄（57天 > 45天阈值）,56.0,2.05
SKU00054,WH06,东南亚仓(新加坡),3C电子,A,X,AX,232.21,0.5,55,3,31,68,50,17,0,17,4,0,红色预警（需补货）,正常（4天）,34.0,2.05
SKU00055,WH01,美国东岸仓,3C电子,A,X,AX,131.32,1.3,17,5,28,144,50,53,11,64,19,0,正常,正常（19天）,40.8,2.05
SKU00055,WH02,美国西岸仓,3C电子,A,X,AX,131.32,2.17,17,9,46,186,50,33,0,33,72,5,红色预警（需补货）,超龄（72天 > 45天阈值）,15.2,2.05
SKU00055,WH03,欧洲仓(荷兰),3C电子,A,X,AX,131.32,1.14,17,4,24,135,50,70,15,85,17,0,正常,正常（17天）,61.4,2.05
SKU00055,WH04,英国仓,3C电子,A,X,AX,131.32,1.22,17,5,26,140,50,42,18,60,36,0,正常,接近超龄（36天）,34.4,2.05
SKU00055,WH05,日本仓,3C电子,A,X,AX,131.32,0.5,17,2,11,90,50,28,0,28,37,0,正常,接近超龄（37天）,56.0,2.05
SKU00055,WH06,东南亚仓(新加坡),3C电子,A,X,AX,131.32,0.5,17,2,11,90,50,30,4,34,34,0,正常,接近超龄（34天）,60.0,2.05
SKU00056,WH01,美国东岸仓,家居用品,C,X,CX,33.21,1.02,32,2,35,254,100,14,20,34,60,0,红色预警（需补货）,正常（60天）,13.7,1.28
SKU00056,WH02,美国西岸仓,家居用品,C,X,CX,33.21,0.5,32,2,18,178,100,42,0,42,28,0,正常,正常（28天）,84.0,1.28
SKU00056,WH03,欧洲仓(荷兰),家居用品,C,X,CX,33.21,0.5,32,2,18,178,100,22,12,34,101,5,黄色预警（关注）,超龄（101天 > 90天阈值）,44.0,1.28
SKU00056,WH04,英国仓,家居用品,C,X,CX,33.21,0.5,32,2,18,178,100,13,6,19,96,4,红色预警（需补货）,超龄（96天 > 90天阈值）,26.0,1.28
SKU00056,WH05,日本仓,家居用品,C,X,CX,33.21,0.5,32,2,18,178,100,16,8,24,24,0,红色预警（需补货）,正常（24天）,32.0,1.28
SKU00056,WH06,东南亚仓(新加坡),家居用品,C,X,CX,33.21,1.0,32,3,35,251,100,21,18,39,27,0,红色预警（需补货）,正常（27天）,21.0,1.28
SKU00058,WH01,美国东岸仓,家居用品,A,X,AX,60.77,6.02,30,19,200,500,500,175,65,240,1,0,红色预警（需补货）,正常（1天）,29.1,2.05
SKU00058,WH02,美国西岸仓,家居用品,A,X,AX,60.77,0.5,30,2,17,500,500,21,17,38,31,0,黄色预警（关注）,正常（31天）,42.0,2.05
SKU00058,WH03,欧洲仓(荷兰),家居用品,A,X,AX,60.77,0.5,30,2,17,500,500,15,5,20,56,0,红色预警（需补货）,超龄（56天 > 45天阈值）,30.0,2.05
SKU00058,WH04,英国仓,家居用品,A,X,AX,60.77,0.5,30,2,17,500,500,16,6,22,3,0,红色预警（需补货）,正常（3天）,32.0,2.05
SKU00058,WH05,日本仓,家居用品,A,X,AX,60.77,5.22,30,18,175,500,500,300,0,300,200,35,正常,超龄（200天 > 45天阈值）,57.5,2.05
SKU00058,WH06,东南亚仓(新加坡),家居用品,A,X,AX,60.77,5.88,30,18,195,500,500,392,0,392,8,0,正常,正常（8天）,66.7,2.05
SKU00059,WH01,美国东岸仓,家居用品,A,X,AX,64.22,55.59,21,140,1308,1344,100,1339,0,1339,64,158,黄色预警（关注）,超龄（64天 > 45天阈值）,24.1,2.05
SKU00059,WH02,美国西岸仓,家居用品,A,X,AX,64.22,62.99,21,140,1463,1431,100,4242,1129,5371,20,0,正常,正常（20天）,67.3,2.05
SKU00059,WH03,欧洲仓(荷兰),家居用品,A,X,AX,64.22,0.5,21,2,13,128,100,23,4,27,119,5,正常,超龄（119天 > 45天阈值）,46.0,2.05
SKU00059,WH04,英国仓,家居用品,A,X,AX,64.22,0.5,21,2,13,128,100,13,10,23,72,4,红色预警（需补货）,超龄（72天 > 45天阈值）,26.0,2.05
SKU00059,WH05,日本仓,家居用品,A,X,AX,64.22,0.5,21,2,13,128,100,6,3,9,16,0,红色预警（需补货）,正常（16天）,12.0,2.05
SKU00059,WH06,东南亚仓(新加坡),家居用品,A,X,AX,64.22,0.5,21,2,13,128,100,19,5,24,0,0,黄色预警（关注）,正常（0天）,38.0,2.05
SKU00060,WH01,美国东岸仓,家居用品,B,X,BX,96.97,0.5,37,2,21,500,500,22,21,43,36,0,黄色预警（关注）,正常（36天）,44.0,1.65
SKU00060,WH02,美国西岸仓,家居用品,B,X,BX,96.97,1.85,37,8,77,500,500,58,72,130,5,0,红色预警（需补货）,正常（5天）,31.4,1.65
SKU00060,WH03,欧洲仓(荷兰),家居用品,B,X,BX,96.97,0.5,37,2,21,500,500,14,17,31,35,0,红色预警（需补货）,正常（35天）,28.0,1.65
SKU00060,WH04,英国仓,家居用品,B,X,BX,96.97,1.18,37,5,49,500,500,47,44,91,122,18,红色预警（需补货）,超龄（122天 > 60天阈值）,39.8,1.65
SKU00060,WH05,日本仓,家居用品,B,X,BX,96.97,1.51,37,7,63,500,500,73,38,111,16,0,黄色预警（关注）,正常（16天）,48.3,1.65
SKU00060,WH06,东南亚仓(新加坡),家居用品,B,X,BX,96.97,1.07,37,3,43,500,500,34,28,62,55,0,红色预警（需补货）,接近超龄（55天）,31.8,1.65
SKU00061,WH01,美国东岸仓,家居用品,C,Y,CY,85.73,2.09,18,5,43,500,500,131,32,163,3,0,正常,正常（3天）,62.7,1.28
SKU00061,WH02,美国西岸仓,家居用品,C,Y,CY,85.73,0.5,18,1,10,500,500,14,6,20,62,1,黄色预警（关注）,正常（62天）,28.0,1.28
SKU00061,WH03,欧洲仓(荷兰),家居用品,C,Y,CY,85.73,0.5,18,1,10,500,500,9,0,9,4,0,红色预警（需补货）,正常（4天）,18.0,1.28
SKU00061,WH04,英国仓,家居用品,C,Y,CY,85.73,1.06,18,2,22,500,500,23,11,34,19,0,黄色预警（关注）,正常（19天）,21.7,1.28
SKU00061,WH05,日本仓,家居用品,C,Y,CY,85.73,1.28,18,4,28,500,500,49,10,59,10,0,正常,正常（10天）,38.3,1.28
SKU00061,WH06,东南亚仓(新加坡),家居用品,C,Y,CY,85.73,1.0,18,1,19,500,500,17,9,26,1,0,红色预警（需补货）,正常（1天）,17.0,1.28
SKU00062,WH01,美国东岸仓,家居用品,C,X,CX,106.2,1.0,18,1,19,141,50,22,0,22,80,6,黄色预警（关注）,接近超龄（80天）,22.0,1.28
SKU00062,WH02,美国西岸仓,家居用品,C,X,CX,106.2,1.0,18,1,19,141,50,31,0,31,52,0,正常,正常（52天）,31.0,1.28
SKU00062,WH03,欧洲仓(荷兰),家居用品,C,X,CX,106.2,0.5,18,1,10,100,50,34,3,37,190,11,正常,超龄（190天 > 90天阈值）,68.0,1.28
SKU00062,WH04,英国仓,家居用品,C,X,CX,106.2,0.5,18,1,10,100,50,22,7,29,75,7,正常,接近超龄（75天）,44.0,1.28
SKU00062,WH05,日本仓,家居用品,C,X,CX,106.2,0.5,18,1,10,100,50,14,10,24,13,0,黄色预警（关注）,正常（13天）,28.0,1.28
SKU00062,WH06,东南亚仓(新加坡),家居用品,C,X,CX,106.2,0.5,18,1,10,100,50,20,7,27,157,3,正常,超龄（157天 > 90天阈值）,40.0,1.28
SKU00063,WH01,美国东岸仓,家居用品,C,Y,CY,79.82,2.12,21,6,51,236,200,44,39,83,18,0,红色预警（需补货）,正常（18天）,20.8,1.28
SKU00063,WH02,美国西岸仓,家居用品,C,Y,CY,79.82,0.5,21,1,12,200,200,40,11,51,15,0,正常,正常（15天）,80.0,1.28
SKU00063,WH03,欧洲仓(荷兰),家居用品,C,Y,CY,79.82,1.1,21,2,26,200,200,63,22,85,82,18,正常,接近超龄（82天）,57.3,1.28
SKU00063,WH04,英国仓,家居用品,C,Y,CY,79.82,1.0,21,1,22,200,200,31,24,55,2,0,黄色预警（关注）,正常（2天）,31.0,1.28
SKU00063,WH05,日本仓,家居用品,C,Y,CY,79.82,0.5,21,1,12,200,200,9,10,19,13,0,红色预警（需补货）,正常（13天）,18.0,1.28
SKU00063,WH06,东南亚仓(新加坡),家居用品,C,Y,CY,79.82,1.04,21,2,24,200,200,62,17,79,49,0,正常,正常（49天）,59.6,1.28
SKU00065,WH01,美国东岸仓,家居用品,B,X,BX,67.31,5.78,26,20,171,500,500,112,163,275,200,23,红色预警（需补货）,超龄（200天 > 60天阈值）,19.4,1.65
SKU00065,WH02,美国西岸仓,家居用品,B,X,BX,67.31,4.86,26,17,144,500,500,267,105,372,27,0,正常,正常（27天）,54.9,1.65
SKU00065,WH03,欧洲仓(荷兰),家居用品,B,X,BX,67.31,0.5,26,2,15,500,500,26,0,26,53,0,正常,接近超龄（53天）,52.0,1.65
SKU00065,WH04,英国仓,家居用品,B,X,BX,67.31,0.5,26,2,15,500,500,29,0,29,48,0,正常,接近超龄（48天）,58.0,1.65
SKU00065,WH05,日本仓,家居用品,B,X,BX,67.31,3.97,26,16,120,500,500,203,0,203,47,0,正常,接近超龄（47天）,51.1,1.65
SKU00065,WH06,东南亚仓(新加坡),家居用品,B,X,BX,67.31,0.5,26,2,15,500,500,23,11,34,89,4,正常,超龄（89天 > 60天阈值）,46.0,1.65
SKU00066,WH01,美国东岸仓,家居用品,B,X,BX,37.78,7.24,19,19,157,633,100,433,0,433,3,0,正常,正常（3天）,59.8,1.65
SKU00066,WH02,美国西岸仓,家居用品,B,X,BX,37.78,5.16,19,14,113,534,100,199,99,298,40,0,正常,正常（40天）,38.6,1.65
SKU00066,WH03,欧洲仓(荷兰),家居用品,B,X,BX,37.78,2.74,19,8,61,389,100,79,35,114,5,0,黄色预警（关注）,正常（5天）,28.8,1.65
SKU00066,WH04,英国仓,家居用品,B,X,BX,37.78,2.86,19,9,64,398,100,94,65,159,148,27,黄色预警（关注）,超龄（148天 > 60天阈值）,32.9,1.65
SKU00066,WH05,日本仓,家居用品,B,X,BX,37.78,0.5,19,2,12,167,100,25,3,28,29,0,正常,正常（29天）,50.0,1.65
SKU00066,WH06,东南亚仓(新加坡),家居用品,B,X,BX,37.78,0.5,19,2,12,167,100,26,7,33,11,0,正常,正常（11天）,52.0,1.65
SKU00068,WH01,美国东岸仓,家居用品,C,Y,CY,47.11,6.23,20,20,145,526,50,73,0,73,15,0,红色预警（需补货）,正常（15天）,11.7,1.28
SKU00068,WH02,美国西岸仓,家居用品,C,Y,CY,47.11,5.5,20,17,127,494,50,371,0,371,78,87,正常,接近超龄（78天）,67.5,1.28
SKU00068,WH03,欧洲仓(荷兰),家居用品,C,Y,CY,47.11,0.5,20,1,11,149,50,16,3,19,3,0,黄色预警（关注）,正常（3天）,32.0,1.28
SKU00068,WH04,英国仓,家居用品,C,Y,CY,47.11,0.5,20,1,11,149,50,28,6,34,23,0,正常,正常（23天）,56.0,1.28
SKU00068,WH05,日本仓,家居用品,C,Y,CY,47.11,0.5,20,1,11,149,50,15,11,26,45,0,黄色预警（关注）,正常（45天）,30.0,1.28
SKU00068,WH06,东南亚仓(新加坡),家居用品,C,Y,CY,47.11,0.5,20,1,11,149,50,24,5,29,72,9,正常,接近超龄（72天）,48.0,1.28
SKU00069,WH01,美国东岸仓,家居用品,B,X,BX,49.41,9.62,46,35,478,638,500,333,0,333,45,0,红色预警（需补货）,接近超龄（45天）,34.6,1.65
SKU00069,WH02,美国西岸仓,家居用品,B,X,BX,49.41,0.5,46,2,25,500,500,33,14,47,6,0,黄色预警（关注）,正常（6天）,66.0,1.65
SKU00069,WH03,欧洲仓(荷兰),家居用品,B,X,BX,49.41,3.25,46,13,163,500,500,70,0,70,104,18,红色预警（需补货）,超龄（104天 > 60天阈值）,21.5,1.65
SKU00069,WH04,英国仓,家居用品,B,X,BX,49.41,3.95,46,16,198,500,500,109,172,281,3,0,红色预警（需补货）,正常（3天）,27.6,1.65
SKU00069,WH05,日本仓,家居用品,B,X,BX,49.41,1.52,46,8,78,500,500,95,0,95,33,0,黄色预警（关注）,正常（33天）,62.5,1.65
SKU00069,WH06,东南亚仓(新加坡),家居用品,B,X,BX,49.41,0.5,46,2,25,500,500,14,24,38,60,0,红色预警（需补货）,接近超龄（60天）,28.0,1.65
SKU00070,WH01,美国东岸仓,家居用品,C,Y,CY,86.41,0.5,18,1,10,500,500,20,7,27,3,0,正常,正常（3天）,40.0,1.28
SKU00070,WH02,美国西岸仓,家居用品,C,Y,CY,86.41,1.45,18,4,31,500,500,85,9,94,84,13,正常,接近超龄（84天）,58.6,1.28
SKU00070,WH03,欧洲仓(荷兰),家居用品,C,Y,CY,86.41,0.5,18,1,10,500,500,9,8,17,40,0,红色预警（需补货）,正常（40天）,18.0,1.28
SKU00070,WH04,英国仓,家居用品,C,Y,CY,86.41,0.5,18,1,10,500,500,20,9,29,15,0,正常,正常（15天）,40.0,1.28
SKU00070,WH05,日本仓,家居用品,C,Y,CY,86.41,1.0,18,1,19,500,500,66,5,71,3,0,正常,正常（3天）,66.0,1.28
SKU00070,WH06,东南亚仓(新加坡),家居用品,C,Y,CY,86.41,0.5,18,1,10,500,500,31,6,37,6,0,正常,正常（6天）,62.0,1.28
SKU00071,WH01,美国东岸仓,家居用品,B,X,BX,70.39,0.5,39,2,22,122,50,29,19,48,183,4,黄色预警（关注）,超龄（183天 > 60天阈值）,58.0,1.65
SKU00071,WH02,美国西岸仓,家居用品,B,X,BX,70.39,0.5,39,2,22,122,50,17,15,32,55,0,红色预警（需补货）,接近超龄（55天）,34.0,1.65
SKU00071,WH03,欧洲仓(荷兰),家居用品,B,X,BX,70.39,5.38,39,18,228,400,50,289,163,452,9,0,黄色预警（关注）,正常（9天）,53.7,1.65
SKU00071,WH04,英国仓,家居用品,B,X,BX,70.39,4.6,39,17,197,370,50,267,192,459,130,48,黄色预警（关注）,超龄（130天 > 60天阈值）,58.0,1.65
SKU00071,WH05,日本仓,家居用品,B,X,BX,70.39,3.02,39,12,130,300,50,174,0,174,11,0,黄色预警（关注）,正常（11天）,57.6,1.65
SKU00071,WH06,东南亚仓(新加坡),家居用品,B,X,BX,70.39,0.5,39,2,22,122,50,34,0,34,31,0,正常,正常（31天）,68.0,1.65
SKU00072,WH01,美国东岸仓,家居用品,C,Y,CY,37.03,0.5,42,2,23,200,200,13,21,34,38,0,红色预警（需补货）,正常（38天）,26.0,1.28
SKU00072,WH02,美国西岸仓,家居用品,C,Y,CY,37.03,0.5,42,2,23,200,200,41,18,59,55,0,正常,正常（55天）,82.0,1.28
SKU00072,WH03,欧洲仓(荷兰),家居用品,C,Y,CY,37.03,1.0,42,3,45,238,200,41,18,59,0,0,红色预警（需补货）,正常（0天）,41.0,1.28
SKU00072,WH04,英国仓,家居用品,C,Y,CY,37.03,1.0,42,3,45,238,200,46,46,92,4,0,黄色预警（关注）,正常（4天）,46.0,1.28
SKU00072,WH05,日本仓,家居用品,C,Y,CY,37.03,1.2,42,3,54,260,200,49,52,101,42,0,红色预警（需补货）,正常（42天）,40.8,1.28
SKU00072,WH06,东南亚仓(新加坡),家居用品,C,Y,CY,37.03,1.07,42,3,48,246,200,52,46,98,33,0,黄色预警（关注）,正常（33天）,48.6,1.28
SKU00074,WH01,美国东岸仓,宠物用品,B,X,BX,22.7,9.04,18,19,182,912,100,485,93,578,13,0,正常,正常（13天）,53.7,1.65
SKU00074,WH02,美国西岸仓,宠物用品,B,X,BX,22.7,0.5,18,2,11,215,100,6,10,16,112,1,红色预警（需补货）,超龄（112天 > 60天阈值）,12.0,1.65
SKU00074,WH03,欧洲仓(荷兰),宠物用品,B,X,BX,22.7,0.5,18,2,11,215,100,34,0,34,130,10,正常,超龄（130天 > 60天阈值）,68.0,1.65
SKU00074,WH04,英国仓,宠物用品,B,X,BX,22.7,3.02,18,7,62,527,100,83,38,121,109,21,黄色预警（关注）,超龄（109天 > 60天阈值）,27.5,1.65
SKU00074,WH05,日本仓,宠物用品,B,X,BX,22.7,0.5,18,2,11,215,100,33,0,33,30,0,正常,正常（30天）,66.0,1.65
SKU00074,WH06,东南亚仓(新加坡),宠物用品,B,X,BX,22.7,1.84,18,5,39,412,100,34,18,52,107,6,红色预警（需补货）,超龄（107天 > 60天阈值）,18.5,1.65
SKU00075,WH01,美国东岸仓,宠物用品,C,X,CX,42.02,1.0,35,1,36,223,50,112,11,123,181,35,正常,超龄（181天 > 90天阈值）,112.0,1.28
SKU00075,WH02,美国西岸仓,宠物用品,C,X,CX,42.02,0.5,35,2,20,158,50,19,0,19,113,2,红色预警（需补货）,超龄（113天 > 90天阈值）,38.0,1.28
SKU00075,WH03,欧洲仓(荷兰),宠物用品,C,X,CX,42.02,0.5,35,2,20,158,50,31,0,31,15,0,正常,正常（15天）,62.0,1.28
SKU00075,WH04,英国仓,宠物用品,C,X,CX,42.02,0.5,35,2,20,158,50,7,14,21,19,0,红色预警（需补货）,正常（19天）,14.0,1.28
SKU00075,WH05,日本仓,宠物用品,C,X,CX,42.02,0.5,35,2,20,158,50,18,0,18,128,6,红色预警（需补货）,超龄（128天 > 90天阈值）,36.0,1.28
SKU00075,WH06,东南亚仓(新加坡),宠物用品,C,X,CX,42.02,0.5,35,2,20,158,50,24,8,32,4,0,黄色预警（关注）,正常（4天）,48.0,1.28
SKU00076,WH01,美国东岸仓,宠物用品,C,X,CX,38.21,1.25,47,5,64,500,500,48,0,48,48,0,红色预警（需补货）,正常（48天）,38.4,1.28
SKU00076,WH02,美国西岸仓,宠物用品,C,X,CX,38.21,1.03,47,2,51,500,500,125,17,142,97,34,正常,超龄（97天 > 90天阈值）,121.4,1.28
SKU00076,WH03,欧洲仓(荷兰),宠物用品,C,X,CX,38.21,0.5,47,2,26,500,500,8,21,29,97,2,红色预警（需补货）,超龄（97天 > 90天阈值）,16.0,1.28
SKU00076,WH04,英国仓,宠物用品,C,X,CX,38.21,0.5,47,2,26,500,500,22,13,35,31,0,红色预警（需补货）,正常（31天）,44.0,1.28
SKU00076,WH05,日本仓,宠物用品,C,X,CX,38.21,0.5,47,2,26,500,500,33,16,49,51,0,黄色预警（关注）,正常（51天）,66.0,1.28
SKU00076,WH06,东南亚仓(新加坡),宠物用品,C,X,CX,38.21,0.5,47,2,26,500,500,24,12,36,39,0,红色预警（需补货）,正常（39天）,48.0,1.28
SKU00077,WH01,美国东岸仓,宠物用品,C,Y,CY,27.59,0.5,47,2,26,195,50,13,20,33,165,3,红色预警（需补货）,超龄（165天 > 90天阈值）,26.0,1.28
SKU00077,WH02,美国西岸仓,宠物用品,C,Y,CY,27.59,2.15,47,8,110,404,50,129,36,165,16,0,黄色预警（关注）,正常（16天）,60.0,1.28
SKU00077,WH03,欧洲仓(荷兰),宠物用品,C,Y,CY,27.59,0.5,47,2,26,195,50,21,0,21,8,0,红色预警（需补货）,正常（8天）,42.0,1.28
SKU00077,WH04,英国仓,宠物用品,C,Y,CY,27.59,0.5,47,2,26,195,50,22,17,39,12,0,红色预警（需补货）,正常（12天）,44.0,1.28
SKU00077,WH05,日本仓,宠物用品,C,Y,CY,27.59,0.5,47,2,26,195,50,17,0,17,39,0,红色预警（需补货）,正常（39天）,34.0,1.28
SKU00077,WH06,东南亚仓(新加坡),宠物用品,C,Y,CY,27.59,1.02,47,2,50,278,50,7,0,7,2,0,红色预警（需补货）,正常（2天）,6.9,1.28
SKU00078,WH01,美国东岸仓,宠物用品,B,X,BX,38.78,0.5,53,2,29,164,50,12,21,33,39,0,红色预警（需补货）,正常（39天）,24.0,1.65
SKU00078,WH02,美国西岸仓,宠物用品,B,X,BX,38.78,3.79,53,17,218,452,50,162,76,238,52,0,红色预警（需补货）,接近超龄（52天）,42.7,1.65
SKU00078,WH03,欧洲仓(荷兰),宠物用品,B,X,BX,38.78,1.2,53,6,70,255,50,30,68,98,37,0,红色预警（需补货）,正常（37天）,25.0,1.65
SKU00078,WH04,英国仓,宠物用品,B,X,BX,38.78,1.78,53,10,105,310,50,159,0,159,17,0,正常,正常（17天）,89.3,1.65
SKU00078,WH05,日本仓,宠物用品,B,X,BX,38.78,0.5,53,2,29,164,50,20,29,49,68,5,红色预警（需补货）,超龄（68天 > 60天阈值）,40.0,1.65
SKU00078,WH06,东南亚仓(新加坡),宠物用品,B,X,BX,38.78,2.7,53,14,158,382,50,107,148,255,0,0,红色预警（需补货）,正常（0天）,39.6,1.65
SKU00079,WH01,美国东岸仓,宠物用品,A,X,AX,67.25,7.03,40,34,316,467,100,174,0,174,3,0,红色预警（需补货）,正常（3天）,24.8,2.05
SKU00079,WH02,美国西岸仓,宠物用品,A,X,AX,67.25,10.8,40,47,479,579,100,576,0,576,26,0,黄色预警（关注）,正常（26天）,53.3,2.05
SKU00079,WH03,欧洲仓(荷兰),宠物用品,A,X,AX,67.25,0.5,40,2,22,125,100,19,0,19,29,0,红色预警（需补货）,正常（29天）,38.0,2.05
SKU00079,WH04,英国仓,宠物用品,A,X,AX,67.25,0.5,40,2,22,125,100,17,0,17,24,0,红色预警（需补货）,正常（24天）,34.0,2.05
SKU00079,WH05,日本仓,宠物用品,A,X,AX,67.25,4.72,40,24,213,383,100,496,118,614,49,0,正常,超龄（49天 > 45天阈值）,105.1,2.05
SKU00079,WH06,东南亚仓(新加坡),宠物用品,A,X,AX,67.25,4.78,40,25,217,386,100,81,162,243,113,25,红色预警（需补货）,超龄（113天 > 45天阈值）,16.9,2.05
SKU00080,WH01,美国东岸仓,宠物用品,C,X,CX,23.07,6.62,52,19,364,774,100,278,0,278,41,0,红色预警（需补货）,正常（41天）,42.0,1.28
SKU00080,WH02,美国西岸仓,宠物用品,C,X,CX,23.07,0.5,52,2,28,213,100,7,14,21,36,0,红色预警（需补货）,正常（36天）,14.0,1.28
SKU00080,WH03,欧洲仓(荷兰),宠物用品,C,X,CX,23.07,2.26,52,8,126,453,100,55,0,55,44,0,红色预警（需补货）,正常（44天）,24.3,1.28
SKU00080,WH04,英国仓,宠物用品,C,X,CX,23.07,0.5,52,2,28,213,100,18,27,45,64,4,红色预警（需补货）,接近超龄（64天）,36.0,1.28
SKU00080,WH05,日本仓,宠物用品,C,X,CX,23.07,2.46,52,9,137,472,100,85,129,214,32,0,红色预警（需补货）,正常（32天）,34.6,1.28
SKU00080,WH06,东南亚仓(新加坡),宠物用品,C,X,CX,23.07,0.5,52,2,28,213,100,39,29,68,31,0,黄色预警（关注）,正常（31天）,78.0,1.28
SKU00081,WH01,美国东岸仓,宠物用品,C,Y,CY,24.88,0.5,41,2,23,205,50,16,17,33,67,4,红色预警（需补货）,接近超龄（67天）,32.0,1.28
SKU00081,WH02,美国西岸仓,宠物用品,C,Y,CY,24.88,0.5,41,2,23,205,50,15,8,23,121,3,红色预警（需补货）,超龄（121天 > 90天阈值）,30.0,1.28
SKU00081,WH03,欧洲仓(荷兰),宠物用品,C,Y,CY,24.88,0.5,41,2,23,205,50,7,17,24,22,0,红色预警（需补货）,正常（22天）,14.0,1.28
SKU00081,WH04,英国仓,宠物用品,C,Y,CY,24.88,1.5,41,8,70,355,50,20,55,75,51,0,红色预警（需补货）,正常（51天）,13.3,1.28
SKU00081,WH05,日本仓,宠物用品,C,Y,CY,24.88,1.23,41,6,57,322,50,39,35,74,64,5,红色预警（需补货）,接近超龄（64天）,31.7,1.28
SKU00081,WH06,东南亚仓(新加坡),宠物用品,C,Y,CY,24.88,0.5,41,2,23,205,50,11,23,34,26,0,红色预警（需补货）,正常（26天）,22.0,1.28
SKU00082,WH01,美国东岸仓,宠物用品,C,Y,CY,52.5,6.17,31,23,215,496,200,49,84,133,1,0,红色预警（需补货）,正常（1天）,7.9,1.28
SKU00082,WH02,美国西岸仓,宠物用品,C,Y,CY,52.5,0.5,31,2,18,200,200,28,0,28,126,3,正常,超龄（126天 > 90天阈值）,56.0,1.28
SKU00082,WH03,欧洲仓(荷兰),宠物用品,C,Y,CY,52.5,1.79,31,7,63,267,200,131,46,177,96,51,正常,超龄（96天 > 90天阈值）,73.2,1.28
SKU00082,WH04,英国仓,宠物用品,C,Y,CY,52.5,3.1,31,12,109,351,200,136,62,198,22,0,黄色预警（关注）,正常（22天）,43.9,1.28
SKU00082,WH05,日本仓,宠物用品,C,Y,CY,52.5,0.5,31,2,18,200,200,14,12,26,78,4,红色预警（需补货）,接近超龄（78天）,28.0,1.28
SKU00082,WH06,东南亚仓(新加坡),宠物用品,C,Y,CY,52.5,1.6,31,6,56,253,200,57,0,57,11,0,黄色预警（关注）,正常（11天）,35.6,1.28
SKU00083,WH01,美国东岸仓,宠物用品,C,Y,CY,49.03,1.11,30,3,37,218,200,14,0,14,186,3,红色预警（需补货）,超龄（186天 > 90天阈值）,12.6,1.28
SKU00083,WH02,美国西岸仓,宠物用品,C,Y,CY,49.03,0.5,30,2,17,200,200,16,0,16,32,0,红色预警（需补货）,正常（32天）,32.0,1.28
SKU00083,WH03,欧洲仓(荷兰),宠物用品,C,Y,CY,49.03,1.0,30,1,31,207,200,44,35,79,116,12,黄色预警（关注）,超龄（116天 > 90天阈值）,44.0,1.28
SKU00083,WH04,英国仓,宠物用品,C,Y,CY,49.03,1.0,30,3,33,207,200,50,0,50,27,0,正常,正常（27天）,50.0,1.28
SKU00083,WH05,日本仓,宠物用品,C,Y,CY,49.03,0.5,30,2,17,200,200,7,7,14,182,2,红色预警（需补货）,超龄（182天 > 90天阈值）,14.0,1.28
SKU00083,WH06,东南亚仓(新加坡),宠物用品,C,Y,CY,49.03,0.5,30,2,17,200,200,31,6,37,85,4,正常,接近超龄（85天）,62.0,1.28
SKU00084,WH01,美国东岸仓,宠物用品,C,X,CX,46.67,0.5,34,2,19,150,100,23,19,42,8,0,黄色预警（关注）,正常（8天）,46.0,1.28
SKU00084,WH02,美国西岸仓,宠物用品,C,X,CX,46.67,0.5,34,2,19,150,100,33,18,51,48,0,正常,正常（48天）,66.0,1.28
SKU00084,WH03,欧洲仓(荷兰),宠物用品,C,X,CX,46.67,0.5,34,2,19,150,100,17,0,17,78,3,红色预警（需补货）,接近超龄（78天）,34.0,1.28
SKU00084,WH04,英国仓,宠物用品,C,X,CX,46.67,0.5,34,2,19,150,100,22,18,40,200,4,黄色预警（关注）,超龄（200天 > 90天阈值）,44.0,1.28
SKU00084,WH05,日本仓,宠物用品,C,X,CX,46.67,0.5,34,2,19,150,100,37,19,56,12,0,正常,正常（12天）,74.0,1.28
SKU00084,WH06,东南亚仓(新加坡),宠物用品,C,X,CX,46.67,0.5,34,2,19,150,100,20,18,38,122,2,黄色预警（关注）,超龄（122天 > 90天阈值）,40.0,1.28
SKU00085,WH01,美国东岸仓,美妆个护,C,X,CX,50.47,1.45,15,3,25,245,50,82,18,100,65,8,正常,接近超龄（65天）,56.6,1.28
SKU00085,WH02,美国西岸仓,美妆个护,C,X,CX,50.47,0.5,15,1,9,144,50,26,6,32,3,0,正常,正常（3天）,52.0,1.28
SKU00085,WH03,欧洲仓(荷兰),美妆个护,C,X,CX,50.47,0.5,15,1,9,144,50,12,4,16,5,0,黄色预警（关注）,正常（5天）,24.0,1.28
SKU00085,WH04,英国仓,美妆个护,C,X,CX,50.47,1.63,15,4,29,260,50,74,22,96,44,0,正常,正常（44天）,45.4,1.28
SKU00085,WH05,日本仓,美妆个护,C,X,CX,50.47,1.0,15,1,16,204,50,15,15,30,33,0,红色预警（需补货）,正常（33天）,15.0,1.28
SKU00085,WH06,东南亚仓(新加坡),美妆个护,C,X,CX,50.47,0.5,15,1,9,144,50,18,6,24,36,0,正常,正常（36天）,36.0,1.28
SKU00086,WH01,美国东岸仓,美妆个护,C,X,CX,40.29,1.0,19,2,21,228,50,66,0,66,16,0,正常,正常（16天）,66.0,1.28
SKU00086,WH02,美国西岸仓,美妆个护,C,X,CX,40.29,0.5,19,1,11,161,50,6,3,9,10,0,红色预警（需补货）,正常（10天）,12.0,1.28
SKU00086,WH03,欧洲仓(荷兰),美妆个护,C,X,CX,40.29,0.5,19,1,11,161,50,19,3,22,77,4,正常,接近超龄（77天）,38.0,1.28
SKU00086,WH04,英国仓,美妆个护,C,X,CX,40.29,0.5,19,1,11,161,50,8,9,17,30,0,红色预警（需补货）,正常（30天）,16.0,1.28
SKU00086,WH05,日本仓,美妆个护,C,X,CX,40.29,0.5,19,1,11,161,50,4,5,9,6,0,红色预警（需补货）,正常（6天）,8.0,1.28
SKU00086,WH06,东南亚仓(新加坡),美妆个护,C,X,CX,40.29,0.5,19,1,11,161,50,19,6,25,59,3,正常,正常（59天）,38.0,1.28
SKU00087,WH01,美国东岸仓,美妆个护,C,Y,CY,53.54,1.06,23,2,27,204,200,34,28,62,23,0,黄色预警（关注）,正常（23天）,32.1,1.28
SKU00087,WH02,美国西岸仓,美妆个护,C,Y,CY,53.54,1.05,23,2,27,203,200,54,0,54,54,13,正常,正常（54天）,51.4,1.28
SKU00087,WH03,欧洲仓(荷兰),美妆个护,C,Y,CY,53.54,0.5,23,1,13,200,200,24,4,28,28,0,正常,正常（28天）,48.0,1.28
SKU00087,WH04,英国仓,美妆个护,C,Y,CY,53.54,1.0,23,1,24,200,200,36,23,59,20,0,黄色预警（关注）,正常（20天）,36.0,1.28
SKU00087,WH05,日本仓,美妆个护,C,Y,CY,53.54,0.5,23,1,13,200,200,14,6,20,17,0,黄色预警（关注）,正常（17天）,28.0,1.28
SKU00087,WH06,东南亚仓(新加坡),美妆个护,C,Y,CY,53.54,1.08,23,2,27,206,200,20,8,28,34,0,红色预警（需补货）,正常（34天）,18.5,1.28
SKU00088,WH01,美国东岸仓,美妆个护,C,X,CX,60.59,3.57,38,12,148,351,100,53,46,99,8,0,红色预警（需补货）,正常（8天）,14.8,1.28
SKU00088,WH02,美国西岸仓,美妆个护,C,X,CX,60.59,0.5,38,2,21,132,100,16,5,21,7,0,红色预警（需补货）,正常（7天）,32.0,1.28
SKU00088,WH03,欧洲仓(荷兰),美妆个护,C,X,CX,60.59,1.68,38,7,71,241,100,82,0,82,11,0,黄色预警（关注）,正常（11天）,48.8,1.28
SKU00088,WH04,英国仓,美妆个护,C,X,CX,60.59,1.08,38,3,45,193,100,43,41,84,55,9,红色预警（需补货）,正常（55天）,39.8,1.28
SKU00088,WH05,日本仓,美妆个护,C,X,CX,60.59,1.21,38,5,51,205,100,95,17,112,29,0,正常,正常（29天）,78.5,1.28
SKU00088,WH06,东南亚仓(新加坡),美妆个护,C,X,CX,60.59,0.5,38,2,21,132,100,19,17,36,0,0,红色预警（需补货）,正常（0天）,38.0,1.28
SKU00089,WH01,美国东岸仓,美妆个护,B,X,BX,55.25,6.14,49,27,328,500,500,223,351,574,35,0,红色预警（需补货）,正常（35天）,36.3,1.65
SKU00089,WH02,美国西岸仓,美妆个护,B,X,BX,55.25,0.5,49,2,27,500,500,54,0,54,2,0,正常,正常（2天）,108.0,1.65
SKU00089,WH03,欧洲仓(荷兰),美妆个护,B,X,BX,55.25,1.67,49,10,92,500,500,114,0,114,11,0,黄色预警（关注）,正常（11天）,68.3,1.65
SKU00089,WH04,英国仓,美妆个护,B,X,BX,55.25,1.24,49,7,68,500,500,111,43,154,5,0,正常,正常（5天）,89.5,1.65
SKU00089,WH05,日本仓,美妆个护,B,X,BX,55.25,0.5,49,2,27,500,500,19,0,19,36,0,红色预警（需补货）,正常（36天）,38.0,1.65
SKU00089,WH06,东南亚仓(新加坡),美妆个护,B,X,BX,55.25,1.35,49,7,74,500,500,80,32,112,26,0,黄色预警（关注）,正常（26天）,59.3,1.65
SKU00091,WH01,美国东岸仓,美妆个护,B,X,BX,68.46,0.5,23,2,14,124,50,22,8,30,22,0,正常,正常（22天）,44.0,1.65
SKU00091,WH02,美国西岸仓,美妆个护,B,X,BX,68.46,4.77,23,16,126,382,50,69,84,153,28,0,红色预警（需补货）,正常（28天）,14.5,1.65
SKU00091,WH03,欧洲仓(荷兰),美妆个护,B,X,BX,68.46,0.5,23,2,14,124,50,19,8,27,93,2,黄色预警（关注）,超龄（93天 > 60天阈值）,38.0,1.65
SKU00091,WH04,英国仓,美妆个护,B,X,BX,68.46,1.96,23,7,53,245,50,37,18,55,7,0,红色预警（需补货）,正常（7天）,18.9,1.65
SKU00091,WH05,日本仓,美妆个护,B,X,BX,68.46,2.59,23,9,69,281,50,30,45,75,10,0,红色预警（需补货）,正常（10天）,11.6,1.65
SKU00091,WH06,东南亚仓(新加坡),美妆个护,B,X,BX,68.46,0.5,23,2,14,124,50,11,0,11,25,0,红色预警（需补货）,正常（25天）,22.0,1.65
SKU00093,WH01,美国东岸仓,美妆个护,C,X,CX,50.86,1.0,53,3,56,203,200,68,48,116,7,0,黄色预警（关注）,正常（7天）,68.0,1.28
SKU00093,WH02,美国西岸仓,美妆个护,C,X,CX,50.86,1.0,53,1,54,203,200,42,0,42,15,0,红色预警（需补货）,正常（15天）,42.0,1.28
SKU00093,WH03,欧洲仓(荷兰),美妆个护,C,X,CX,50.86,0.5,53,2,29,200,200,36,0,36,3,0,黄色预警（关注）,正常（3天）,72.0,1.28
SKU00093,WH04,英国仓,美妆个护,C,X,CX,50.86,0.5,53,2,29,200,200,8,11,19,79,2,红色预警（需补货）,接近超龄（79天）,16.0,1.28
SKU00093,WH05,日本仓,美妆个护,C,X,CX,50.86,0.5,53,2,29,200,200,15,9,24,8,0,红色预警（需补货）,正常（8天）,30.0,1.28
SKU00093,WH06,东南亚仓(新加坡),美妆个护,C,X,CX,50.86,0.5,53,2,29,200,200,28,18,46,1,0,红色预警（需补货）,正常（1天）,56.0,1.28
SKU00094,WH01,美国东岸仓,美妆个护,B,X,BX,64.91,0.5,28,2,16,200,200,14,0,14,1,0,红色预警（需补货）,正常（1天）,28.0,1.65
SKU00094,WH02,美国西岸仓,美妆个护,B,X,BX,64.91,9.79,28,35,310,561,200,870,292,1162,6,0,正常,正常（6天）,88.9,1.65
SKU00094,WH03,欧洲仓(荷兰),美妆个护,B,X,BX,64.91,1.43,28,7,48,215,200,89,47,136,31,0,正常,正常（31天）,62.2,1.65
SKU00094,WH04,英国仓,美妆个护,B,X,BX,64.91,0.5,28,2,16,200,200,48,0,48,14,0,正常,正常（14天）,96.0,1.65
SKU00094,WH05,日本仓,美妆个护,B,X,BX,64.91,4.37,28,17,140,375,200,112,144,256,5,0,红色预警（需补货）,正常（5天）,25.6,1.65
SKU00094,WH06,东南亚仓(新加坡),美妆个护,B,X,BX,64.91,0.5,28,2,16,200,200,42,16,58,18,0,正常,正常（18天）,84.0,1.65
SKU00095,WH01,美国东岸仓,运动户外,C,X,CX,59.48,0.5,47,2,26,200,200,56,0,56,29,0,正常,正常（29天）,112.0,1.28
SKU00095,WH02,美国西岸仓,运动户外,C,X,CX,59.48,0.5,47,2,26,200,200,22,21,43,7,0,红色预警（需补货）,正常（7天）,44.0,1.28
SKU00095,WH03,欧洲仓(荷兰),运动户外,C,X,CX,59.48,5.43,47,21,277,437,200,310,79,389,0,0,黄色预警（关注）,正常（0天）,57.1,1.28
SKU00095,WH04,英国仓,运动户外,C,X,CX,59.48,2.68,47,12,138,307,200,171,0,171,45,0,黄色预警（关注）,正常（45天）,63.8,1.28
SKU00095,WH05,日本仓,运动户外,C,X,CX,59.48,0.5,47,2,26,200,200,12,22,34,4,0,红色预警（需补货）,正常（4天）,24.0,1.28
SKU00095,WH06,东南亚仓(新加坡),运动户外,C,X,CX,59.48,3.32,47,15,172,342,200,79,139,218,5,0,红色预警（需补货）,正常（5天）,23.8,1.28
SKU00096,WH01,美国东岸仓,运动户外,B,X,BX,68.43,5.39,20,14,122,406,50,145,128,273,2,0,黄色预警（关注）,正常（2天）,26.9,1.65
SKU00096,WH02,美国西岸仓,运动户外,B,X,BX,68.43,5.43,20,13,122,407,50,284,106,390,112,109,正常,超龄（112天 > 60天阈值）,52.3,1.65
SKU00096,WH03,欧洲仓(荷兰),运动户外,B,X,BX,68.43,0.5,20,2,12,124,50,19,5,24,37,0,正常,正常（37天）,38.0,1.65
SKU00096,WH04,英国仓,运动户外,B,X,BX,68.43,3.5,20,10,80,327,50,182,0,182,9,0,正常,正常（9天）,52.0,1.65
SKU00096,WH05,日本仓,运动户外,B,X,BX,68.43,0.5,20,2,12,124,50,27,4,31,1,0,正常,正常（1天）,54.0,1.65
SKU00096,WH06,东南亚仓(新加坡),运动户外,B,X,BX,68.43,0.5,20,2,12,124,50,5,5,10,135,1,红色预警（需补货）,超龄（135天 > 60天阈值）,10.0,1.65
SKU00097,WH01,美国东岸仓,运动户外,C,Y,CY,86.22,1.0,17,2,19,200,200,48,16,64,14,0,正常,正常（14天）,48.0,1.28
SKU00097,WH02,美国西岸仓,运动户外,C,Y,CY,86.22,0.5,17,1,10,200,200,31,9,40,24,0,正常,正常（24天）,62.0,1.28
SKU00097,WH03,欧洲仓(荷兰),运动户外,C,Y,CY,86.22,1.0,17,2,19,200,200,58,8,66,40,0,正常,正常（40天）,58.0,1.28
SKU00097,WH04,英国仓,运动户外,C,Y,CY,86.22,1.0,17,2,19,200,200,24,8,32,3,0,黄色预警（关注）,正常（3天）,24.0,1.28
SKU00097,WH05,日本仓,运动户外,C,Y,CY,86.22,0.5,17,1,10,200,200,10,5,15,74,3,红色预警（需补货）,接近超龄（74天）,20.0,1.28
SKU00097,WH06,东南亚仓(新加坡),运动户外,C,Y,CY,86.22,0.5,17,1,10,200,200,17,7,24,7,0,正常,正常（7天）,34.0,1.28
SKU00098,WH01,美国东岸仓,运动户外,A,X,AX,85.0,0.5,55,3,31,111,100,31,0,31,24,0,红色预警（需补货）,正常（24天）,62.0,2.05
SKU00098,WH02,美国西岸仓,运动户外,A,X,AX,85.0,0.5,55,3,31,111,100,4,8,12,24,0,红色预警（需补货）,正常（24天）,8.0,2.05
SKU00098,WH03,欧洲仓(荷兰),运动户外,A,X,AX,85.0,0.5,55,3,31,111,100,12,13,25,16,0,红色预警（需补货）,正常（16天）,24.0,2.05
SKU00098,WH04,英国仓,运动户外,A,X,AX,85.0,3.98,55,25,244,313,100,87,0,87,58,0,红色预警（需补货）,超龄（58天 > 45天阈值）,21.9,2.05
SKU00098,WH05,日本仓,运动户外,A,X,AX,85.0,3.79,55,24,233,305,100,247,201,448,84,56,黄色预警（关注）,超龄（84天 > 45天阈值）,65.2,2.05
SKU00098,WH06,东南亚仓(新加坡),运动户外,A,X,AX,85.0,0.5,55,3,31,111,100,12,28,40,9,0,红色预警（需补货）,正常（9天）,24.0,2.05
SKU00099,WH01,美国东岸仓,运动户外,C,X,CX,58.71,0.5,50,2,27,500,500,31,29,60,63,6,黄色预警（关注）,接近超龄（63天）,62.0,1.28
SKU00099,WH02,美国西岸仓,运动户外,C,X,CX,58.71,0.5,50,2,27,500,500,26,0,26,35,0,红色预警（需补货）,正常（35天）,52.0,1.28
SKU00099,WH03,欧洲仓(荷兰),运动户外,C,X,CX,58.71,0.5,50,2,27,500,500,20,20,40,136,2,红色预警（需补货）,超龄（136天 > 90天阈值）,40.0,1.28
SKU00099,WH04,英国仓,运动户外,C,X,CX,58.71,0.5,50,2,27,500,500,16,0,16,56,0,红色预警（需补货）,正常（56天）,32.0,1.28
SKU00099,WH05,日本仓,运动户外,C,X,CX,58.71,0.5,50,2,27,500,500,18,18,36,20,0,红色预警（需补货）,正常（20天）,36.0,1.28
SKU00099,WH06,东南亚仓(新加坡),运动户外,C,X,CX,58.71,0.5,50,2,27,500,500,59,23,82,27,0,正常,正常（27天）,118.0,1.28
SKU00100,WH01,美国东岸仓,运动户外,B,X,BX,81.65,2.43,22,9,63,250,50,261,57,318,14,0,正常,正常（14天）,107.4,1.65
SKU00100,WH02,美国西岸仓,运动户外,B,X,BX,81.65,3.55,22,12,91,302,50,148,47,195,172,52,正常,超龄（172天 > 60天阈值）,41.7,1.65
SKU00100,WH03,欧洲仓(荷兰),运动户外,B,X,BX,81.65,0.5,22,2,13,114,50,36,12,48,30,0,正常,正常（30天）,72.0,1.65
SKU00100,WH04,英国仓,运动户外,B,X,BX,81.65,0.5,22,2,13,114,50,14,10,24,21,0,黄色预警（关注）,正常（21天）,28.0,1.65
SKU00100,WH05,日本仓,运动户外,B,X,BX,81.65,0.5,22,2,13,114,50,10,0,10,54,0,红色预警（需补货）,接近超龄（54天）,20.0,1.65
SKU00100,WH06,东南亚仓(新加坡),运动户外,B,X,BX,81.65,1.88,22,7,49,220,50,158,0,158,54,0,正常,接近超龄（54天）,84.0,1.65
