tracking_id,po_id,sku_id,warehouse_id,route,ship_date,eta_date,actual_arrival,status,carrier
TRKPO000002,PO000002,SKU00001,WH02,中国港口→洛杉矶港→美国清关→卡车→海外仓,2025-10-30,2025-12-24,,运输中,ONE
TRKPO000003,PO000003,SKU00001,WH02,中国港口→洛杉矶港→美国清关→卡车→海外仓,2025-12-05,2026-02-19,,清关中,Maersk
TRKPO000004,PO000004,SKU00002,WH01,中国港口→洛杉矶港→美国清关→卡车→海外仓,2024-07-24,2024-09-16,2024-09-24,已入库,MSC
TRKPO000005,PO000005,SKU00002,WH06,中国港口→新加坡港→东盟清关→卡车→海外仓,2024-08-20,2024-10-06,2024-10-16,已入库,COSCO
TRKPO000006,PO000006,SKU00002,WH01,中国港口→洛杉矶港→美国清关→卡车→海外仓,2024-09-26,2024-11-21,2024-12-03,已入库,MSC
TRKPO000007,PO000007,SKU00002,WH04,中国港口→费利克斯托港→英国清关→卡车→海外仓,2024-10-21,2024-11-30,2024-12-04,已入库,Maersk
TRKPO000008,PO000008,SKU00002,WH06,中国港口→新加坡港→东盟清关→卡车→海外仓,2024-12-08,2025-02-03,2025-01-30,已入库,Maersk
TRKPO000009,PO000009,SKU00002,WH01,中国港口→洛杉矶港→美国清关→卡车→海外仓,2025-01-05,2025-03-09,2025-03-16,已入库,MSC
TRKPO000010,PO000010,SKU00002,WH05,中国港口→横滨港→日本清关→卡车→海外仓,2025-03-01,2025-04-23,2025-04-20,已入库,ONE
TRKPO000011,PO000011,SKU00002,WH01,中国港口→洛杉矶港→美国清关→卡车→海外仓,2025-03-28,2025-05-19,,运输中,ONE
TRKPO000012,PO000012,SKU00002,WH02,中国港口→洛杉矶港→美国清关→卡车→海外仓,2025-05-01,2025-06-10,2025-06-15,已入库,Maersk
TRKPO000013,PO000013,SKU00002,WH06,中国港口→新加坡港→东盟清关→卡车→海外仓,2025-05-30,2025-07-31,2025-07-28,已入库,ONE
TRKPO000014,PO000014,SKU00002,WH06,中国港口→新加坡港→东盟清关→卡车→海外仓,2025-07-11,2025-08-22,,已到达目的港,Evergreen
TRKPO000015,PO000015,SKU00002,WH03,中国港口→鹿特丹港→欧盟清关→卡车→海外仓,2025-08-18,2025-09-22,2025-09-30,已入库,MSC
TRKPO000016,PO000016,SKU00002,WH06,中国港口→新加坡港→东盟清关→卡车→海外仓,2025-09-26,2025-11-21,,清关中,COSCO
TRKPO000017,PO000017,SKU00002,WH03,中国港口→鹿特丹港→欧盟清关→卡车→海外仓,2025-11-10,2025-12-16,,已到达目的港,Maersk
TRKPO000019,PO000019,SKU00003,WH05,中国港口→横滨港→日本清关→卡车→海外仓,2025-12-09,2026-02-26,,已到达目的港,Maersk
TRKPO000020,PO000020,SKU00004,WH03,中国港口→鹿特丹港→欧盟清关→卡车→海外仓,2025-02-10,2025-03-28,2025-04-05,已入库,ONE
TRKPO000021,PO000021,SKU00004,WH02,中国港口→洛杉矶港→美国清关→卡车→海外仓,2025-04-01,2025-05-20,2025-05-25,已入库,MSC
TRKPO000022,PO000022,SKU00004,WH02,中国港口→洛杉矶港→美国清关→卡车→海外仓,2025-05-21,2025-06-29,2025-07-07,已入库,Evergreen
TRKPO000023,PO000023,SKU00004,WH02,中国港口→洛杉矶港→美国清关→卡车→海外仓,2025-07-10,2025-08-31,2025-09-03,已入库,ONE
TRKPO000024,PO000024,SKU00004,WH06,中国港口→新加坡港→东盟清关→卡车→海外仓,2025-08-08,2025-10-12,,已到达目的港,Evergreen
TRKPO000025,PO000025,SKU00004,WH05,中国港口→横滨港→日本清关→卡车→海外仓,2025-09-13,2025-10-21,2025-11-02,已入库,MSC
TRKPO000026,PO000026,SKU00004,WH06,中国港口→新加坡港→东盟清关→卡车→海外仓,2025-10-31,2025-12-21,,运输中,ONE
TRKPO000028,PO000028,SKU00005,WH01,中国港口→洛杉矶港→美国清关→卡车→海外仓,2024-07-20,2024-09-29,2024-09-29,已入库,ONE
TRKPO000029,PO000029,SKU00005,WH04,中国港口→费利克斯托港→英国清关→卡车→海外仓,2024-09-02,2024-11-23,2024-12-03,已入库,MSC
TRKPO000030,PO000030,SKU00005,WH05,中国港口→横滨港→日本清关→卡车→海外仓,2024-10-13,2025-01-12,2025-01-21,已入库,Maersk
TRKPO000031,PO000031,SKU00005,WH04,中国港口→费利克斯托港→英国清关→卡车→海外仓,2024-11-10,2025-01-24,2025-02-05,已入库,ONE
TRKPO000032,PO000032,SKU00005,WH04,中国港口→费利克斯托港→英国清关→卡车→海外仓,2024-12-12,2025-03-05,2025-03-13,已入库,ONE
TRKPO000033,PO000033,SKU00005,WH04,中国港口→费利克斯托港→英国清关→卡车→海外仓,2025-01-29,2025-04-21,2025-04-17,已入库,ONE
TRKPO000034,PO000034,SKU00005,WH01,中国港口→洛杉矶港→美国清关→卡车→海外仓,2025-03-03,2025-05-13,,运输中,Maersk
TRKPO000035,PO000035,SKU00005,WH05,中国港口→横滨港→日本清关→卡车→海外仓,2025-04-10,2025-07-04,2025-07-13,已入库,MSC
TRKPO000036,PO000036,SKU00005,WH04,中国港口→费利克斯托港→英国清关→卡车→海外仓,2025-06-04,2025-08-26,2025-08-28,已入库,MSC
TRKPO000037,PO000037,SKU00005,WH05,中国港口→横滨港→日本清关→卡车→海外仓,2025-07-20,2025-09-23,2025-09-27,已入库,Evergreen
TRKPO000039,PO000039,SKU00005,WH03,中国港口→鹿特丹港→欧盟清关→卡车→海外仓,2025-10-21,2026-01-14,,清关中,Maersk
TRKPO000041,PO000041,SKU00006,WH03,中国港口→鹿特丹港→欧盟清关→卡车→海外仓,2024-06-24,2024-08-25,2024-08-22,已入库,MSC
TRKPO000042,PO000042,SKU00006,WH01,中国港口→洛杉矶港→美国清关→卡车→海外仓,2024-08-15,2024-10-20,2024-10-28,已入库,Maersk
TRKPO000043,PO000043,SKU00006,WH06,中国港口→新加坡港→东盟清关→卡车→海外仓,2024-09-29,2024-11-14,2024-11-18,已入库,MSC
TRKPO000044,PO000044,SKU00006,WH03,中国港口→鹿特丹港→欧盟清关→卡车→海外仓,2024-11-05,2025-01-14,2025-01-17,已入库,ONE
TRKPO000045,PO000045,SKU00006,WH01,中国港口→洛杉矶港→美国清关→卡车→海外仓,2024-12-09,2025-01-24,2025-01-26,已入库,Evergreen
TRKPO000046,PO000046,SKU00006,WH03,中国港口→鹿特丹港→欧盟清关→卡车→海外仓,2025-01-27,2025-03-14,2025-03-16,已入库,COSCO
TRKPO000047,PO000047,SKU00006,WH03,中国港口→鹿特丹港→欧盟清关→卡车→海外仓,2025-03-06,2025-05-14,,运输中,MSC
TRKPO000048,PO000048,SKU00006,WH06,中国港口→新加坡港→东盟清关→卡车→海外仓,2025-04-11,2025-05-29,2025-05-24,已入库,MSC
TRKPO000049,PO000049,SKU00006,WH04,中国港口→费利克斯托港→英国清关→卡车→海外仓,2025-05-27,2025-07-09,2025-07-13,已入库,Evergreen
TRKPO000050,PO000050,SKU00006,WH02,中国港口→洛杉矶港→美国清关→卡车→海外仓,2025-06-22,2025-08-15,2025-08-25,已入库,ONE
TRKPO000051,PO000051,SKU00006,WH04,中国港口→费利克斯托港→英国清关→卡车→海外仓,2025-07-26,2025-09-12,,清关中,Evergreen
TRKPO000052,PO000052,SKU00006,WH05,中国港口→横滨港→日本清关→卡车→海外仓,2025-09-01,2025-10-26,2025-10-22,已入库,MSC
TRKPO000053,PO000053,SKU00006,WH06,中国港口→新加坡港→东盟清关→卡车→海外仓,2025-10-21,2025-12-05,,运输中,Maersk
TRKPO000055,PO000055,SKU00007,WH01,中国港口→洛杉矶港→美国清关→卡车→海外仓,2025-03-06,2025-04-27,2025-04-26,已入库,COSCO
TRKPO000056,PO000056,SKU00007,WH04,中国港口→费利克斯托港→英国清关→卡车→海外仓,2025-04-05,2025-05-25,2025-05-28,已入库,Maersk
TRKPO000057,PO000057,SKU00007,WH04,中国港口→费利克斯托港→英国清关→卡车→海外仓,2025-05-07,2025-06-28,2025-07-10,已入库,MSC
TRKPO000058,PO000058,SKU00007,WH02,中国港口→洛杉矶港→美国清关→卡车→海外仓,2025-06-24,2025-08-04,2025-07-31,已入库,Evergreen
TRKPO000059,PO000059,SKU00007,WH03,中国港口→鹿特丹港→欧盟清关→卡车→海外仓,2025-08-04,2025-09-12,2025-09-07,已入库,COSCO
TRKPO000060,PO000060,SKU00007,WH02,中国港口→洛杉矶港→美国清关→卡车→海外仓,2025-09-24,2025-11-05,,运输中,Maersk
TRKPO000063,PO000063,SKU00008,WH05,中国港口→横滨港→日本清关→卡车→海外仓,2024-05-03,2024-07-07,2024-07-11,已入库,COSCO
TRKPO000064,PO000064,SKU00008,WH04,中国港口→费利克斯托港→英国清关→卡车→海外仓,2024-06-13,2024-08-19,2024-08-27,已入库,Maersk
TRKPO000065,PO000065,SKU00008,WH01,中国港口→洛杉矶港→美国清关→卡车→海外仓,2024-07-09,2024-09-13,2024-09-10,已入库,Evergreen
TRKPO000066,PO000066,SKU00008,WH04,中国港口→费利克斯托港→英国清关→卡车→海外仓,2024-08-30,2024-11-18,2024-11-17,已入库,MSC
TRKPO000067,PO000067,SKU00008,WH05,中国港口→横滨港→日本清关→卡车→海外仓,2024-10-11,2024-12-26,2024-12-24,已入库,ONE
TRKPO000068,PO000068,SKU00008,WH02,中国港口→洛杉矶港→美国清关→卡车→海外仓,2024-11-15,2025-02-03,2025-02-14,已入库,COSCO
TRKPO000069,PO000069,SKU00008,WH06,中国港口→新加坡港→东盟清关→卡车→海外仓,2024-12-24,2025-03-03,2025-03-14,已入库,ONE
TRKPO000070,PO000070,SKU00008,WH02,中国港口→洛杉矶港→美国清关→卡车→海外仓,2025-02-07,2025-03-29,2025-04-09,已入库,Maersk
TRKPO000071,PO000071,SKU00008,WH03,中国港口→鹿特丹港→欧盟清关→卡车→海外仓,2025-03-18,2025-06-07,2025-06-17,已入库,COSCO
TRKPO000072,PO000072,SKU00008,WH06,中国港口→新加坡港→东盟清关→卡车→海外仓,2025-04-21,2025-07-04,2025-07-06,已入库,ONE
TRKPO000073,PO000073,SKU00008,WH01,中国港口→洛杉矶港→美国清关→卡车→海外仓,2025-06-05,2025-07-27,2025-07-25,已入库,Maersk
TRKPO000074,PO000074,SKU00008,WH05,中国港口→横滨港→日本清关→卡车→海外仓,2025-07-08,2025-09-15,,清关中,ONE
TRKPO000075,PO000075,SKU00008,WH06,中国港口→新加坡港→东盟清关→卡车→海外仓,2025-08-11,2025-10-06,2025-10-13,已入库,MSC
TRKPO000078,PO000078,SKU00008,WH03,中国港口→鹿特丹港→欧盟清关→卡车→海外仓,2025-12-10,2026-02-07,,清关中,MSC
TRKPO000079,PO000079,SKU00009,WH03,中国港口→鹿特丹港→欧盟清关→卡车→海外仓,2024-09-17,2024-11-08,2024-11-07,已入库,COSCO
TRKPO000080,PO000080,SKU00009,WH01,中国港口→洛杉矶港→美国清关→卡车→海外仓,2024-10-15,2025-01-04,2025-01-04,已入库,MSC
TRKPO000081,PO000081,SKU00009,WH02,中国港口→洛杉矶港→美国清关→卡车→海外仓,2024-12-07,2025-02-17,2025-02-20,已入库,Evergreen
TRKPO000082,PO000082,SKU00009,WH01,中国港口→洛杉矶港→美国清关→卡车→海外仓,2025-01-27,2025-04-13,2025-04-21,已入库,Maersk
TRKPO000083,PO000083,SKU00009,WH06,中国港口→新加坡港→东盟清关→卡车→海外仓,2025-03-14,2025-05-29,2025-05-25,已入库,Evergreen
TRKPO000084,PO000084,SKU00009,WH03,中国港口→鹿特丹港→欧盟清关→卡车→海外仓,2025-04-15,2025-07-02,2025-07-14,已入库,Maersk
TRKPO000085,PO000085,SKU00009,WH04,中国港口→费利克斯托港→英国清关→卡车→海外仓,2025-05-28,2025-08-13,2025-08-11,已入库,Maersk
TRKPO000086,PO000086,SKU00009,WH01,中国港口→洛杉矶港→美国清关→卡车→海外仓,2025-06-27,2025-08-22,2025-09-03,已入库,Evergreen
TRKPO000087,PO000087,SKU00009,WH03,中国港口→鹿特丹港→欧盟清关→卡车→海外仓,2025-08-08,2025-10-28,,清关中,MSC
TRKPO000088,PO000088,SKU00009,WH01,中国港口→洛杉矶港→美国清关→卡车→海外仓,2025-09-16,2025-11-12,,清关中,MSC
TRKPO000089,PO000089,SKU00009,WH01,中国港口→洛杉矶港→美国清关→卡车→海外仓,2025-10-25,2025-12-13,,清关中,Evergreen
TRKPO000090,PO000090,SKU00009,WH01,中国港口→洛杉矶港→美国清关→卡车→海外仓,2025-12-01,2026-02-10,,已到达目的港,Maersk
TRKPO000091,PO000091,SKU00010,WH02,中国港口→洛杉矶港→美国清关→卡车→海外仓,2024-03-05,2024-04-16,2024-04-20,已入库,COSCO
TRKPO000092,PO000092,SKU00010,WH06,中国港口→新加坡港→东盟清关→卡车→海外仓,2024-04-28,2024-06-08,2024-06-04,已入库,COSCO
TRKPO000093,PO000093,SKU00010,WH01,中国港口→洛杉矶港→美国清关→卡车→海外仓,2024-06-11,2024-07-19,2024-07-21,已入库,Maersk
TRKPO000094,PO000094,SKU00010,WH04,中国港口→费利克斯托港→英国清关→卡车→海外仓,2024-08-01,2024-10-06,2024-10-18,已入库,Evergreen
TRKPO000095,PO000095,SKU00010,WH01,中国港口→洛杉矶港→美国清关→卡车→海外仓,2024-09-04,2024-10-26,2024-10-30,已入库,Maersk
TRKPO000096,PO000096,SKU00010,WH01,中国港口→洛杉矶港→美国清关→卡车→海外仓,2024-10-12,2024-11-18,2024-11-16,已入库,ONE
TRKPO000097,PO000097,SKU00010,WH06,中国港口→新加坡港→东盟清关→卡车→海外仓,2024-11-21,2024-12-25,2024-12-27,已入库,Evergreen
TRKPO000098,PO000098,SKU00010,WH04,中国港口→费利克斯托港→英国清关→卡车→海外仓,2024-12-23,2025-02-12,2025-02-19,已入库,COSCO
TRKPO000099,PO000099,SKU00010,WH02,中国港口→洛杉矶港→美国清关→卡车→海外仓,2025-01-28,2025-03-28,2025-04-04,已入库,Maersk
TRKPO000100,PO000100,SKU00010,WH01,中国港口→洛杉矶港→美国清关→卡车→海外仓,2025-02-24,2025-04-21,2025-04-25,已入库,COSCO
TRKPO000101,PO000101,SKU00010,WH04,中国港口→费利克斯托港→英国清关→卡车→海外仓,2025-04-07,2025-06-11,2025-06-13,已入库,Maersk
TRKPO000102,PO000102,SKU00010,WH06,中国港口→新加坡港→东盟清关→卡车→海外仓,2025-05-03,2025-06-28,2025-06-29,已入库,MSC
TRKPO000103,PO000103,SKU00010,WH02,中国港口→洛杉矶港→美国清关→卡车→海外仓,2025-06-08,2025-07-17,2025-07-26,已入库,Maersk
TRKPO000104,PO000104,SKU00010,WH04,中国港口→费利克斯托港→英国清关→卡车→海外仓,2025-07-29,2025-09-29,2025-10-07,已入库,COSCO
TRKPO000105,PO000105,SKU00010,WH04,中国港口→费利克斯托港→英国清关→卡车→海外仓,2025-09-17,2025-10-24,2025-10-27,已入库,COSCO
TRKPO000106,PO000106,SKU00010,WH03,中国港口→鹿特丹港→欧盟清关→卡车→海外仓,2025-10-18,2025-12-02,,清关中,Evergreen
TRKPO000107,PO000107,SKU00010,WH01,中国港口→洛杉矶港→美国清关→卡车→海外仓,2025-12-08,2026-02-09,,已到达目的港,Evergreen
TRKPO000108,PO000108,SKU00011,WH03,中国港口→鹿特丹港→欧盟清关→卡车→海外仓,2024-11-19,2025-01-08,2025-01-13,已入库,Evergreen
TRKPO000109,PO000109,SKU00011,WH06,中国港口→新加坡港→东盟清关→卡车→海外仓,2024-12-25,2025-02-17,2025-02-15,已入库,MSC
TRKPO000110,PO000110,SKU00011,WH02,中国港口→洛杉矶港→美国清关→卡车→海外仓,2025-02-18,2025-04-09,2025-04-12,已入库,ONE
TRKPO000111,PO000111,SKU00011,WH01,中国港口→洛杉矶港→美国清关→卡车→海外仓,2025-03-30,2025-05-31,2025-05-28,已入库,Maersk
TRKPO000112,PO000112,SKU00011,WH01,中国港口→洛杉矶港→美国清关→卡车→海外仓,2025-05-13,2025-06-29,2025-07-07,已入库,ONE
TRKPO000113,PO000113,SKU00011,WH06,中国港口→新加坡港→东盟清关→卡车→海外仓,2025-06-16,2025-08-11,2025-08-23,已入库,Maersk
TRKPO000114,PO000114,SKU00011,WH04,中国港口→费利克斯托港→英国清关→卡车→海外仓,2025-07-25,2025-09-14,2025-09-23,已入库,COSCO
TRKPO000115,PO000115,SKU00011,WH06,中国港口→新加坡港→东盟清关→卡车→海外仓,2025-09-13,2025-10-16,2025-10-12,已入库,MSC
TRKPO000116,PO000116,SKU00011,WH05,中国港口→横滨港→日本清关→卡车→海外仓,2025-10-24,2025-11-23,,已到达目的港,Evergreen
TRKPO000118,PO000118,SKU00011,WH03,中国港口→鹿特丹港→欧盟清关→卡车→海外仓,2025-12-18,2026-02-13,,已到达目的港,MSC
TRKPO000119,PO000119,SKU00012,WH06,中国港口→新加坡港→东盟清关→卡车→海外仓,2025-03-10,2025-05-25,2025-05-20,已入库,Evergreen
TRKPO000120,PO000120,SKU00012,WH05,中国港口→横滨港→日本清关→卡车→海外仓,2025-04-04,2025-06-25,,运输中,Maersk
TRKPO000121,PO000121,SKU00012,WH06,中国港口→新加坡港→东盟清关→卡车→海外仓,2025-05-21,2025-07-24,2025-07-29,已入库,ONE
TRKPO000122,PO000122,SKU00012,WH02,中国港口→洛杉矶港→美国清关→卡车→海外仓,2025-06-18,2025-08-12,,运输中,COSCO
TRKPO000123,PO000123,SKU00012,WH01,中国港口→洛杉矶港→美国清关→卡车→海外仓,2025-07-15,2025-09-26,2025-09-26,已入库,MSC
TRKPO000124,PO000124,SKU00012,WH06,中国港口→新加坡港→东盟清关→卡车→海外仓,2025-08-18,2025-10-18,2025-10-29,已入库,MSC
TRKPO000126,PO000126,SKU00012,WH03,中国港口→鹿特丹港→欧盟清关→卡车→海外仓,2025-10-31,2026-01-21,,已到达目的港,Evergreen
TRKPO000128,PO000128,SKU00013,WH04,中国港口→费利克斯托港→英国清关→卡车→海外仓,2024-02-07,2024-05-17,2024-05-22,已入库,Evergreen
TRKPO000129,PO000129,SKU00013,WH03,中国港口→鹿特丹港→欧盟清关→卡车→海外仓,2024-03-29,2024-06-12,2024-06-22,已入库,MSC
TRKPO000130,PO000130,SKU00013,WH03,中国港口→鹿特丹港→欧盟清关→卡车→海外仓,2024-05-07,2024-08-15,2024-08-18,已入库,MSC
TRKPO000131,PO000131,SKU00013,WH02,中国港口→洛杉矶港→美国清关→卡车→海外仓,2024-06-27,2024-09-13,2024-09-18,已入库,Maersk
TRKPO000132,PO000132,SKU00013,WH05,中国港口→横滨港→日本清关→卡车→海外仓,2024-08-20,2024-11-02,2024-11-03,已入库,COSCO
TRKPO000133,PO000133,SKU00013,WH06,中国港口→新加坡港→东盟清关→卡车→海外仓,2024-09-19,2024-12-15,2024-12-23,已入库,Maersk
TRKPO000134,PO000134,SKU00013,WH01,中国港口→洛杉矶港→美国清关→卡车→海外仓,2024-11-13,2025-02-06,2025-02-06,已入库,Evergreen
TRKPO000135,PO000135,SKU00013,WH02,中国港口→洛杉矶港→美国清关→卡车→海外仓,2024-12-28,2025-03-22,2025-03-29,已入库,ONE
TRKPO000136,PO000136,SKU00013,WH05,中国港口→横滨港→日本清关→卡车→海外仓,2025-02-10,2025-04-23,2025-04-25,已入库,COSCO
TRKPO000137,PO000137,SKU00013,WH05,中国港口→横滨港→日本清关→卡车→海外仓,2025-03-25,2025-06-10,2025-06-05,已入库,ONE
TRKPO000138,PO000138,SKU00013,WH05,中国港口→横滨港→日本清关→卡车→海外仓,2025-04-21,2025-07-13,2025-07-15,已入库,COSCO
TRKPO000139,PO000139,SKU00013,WH05,中国港口→横滨港→日本清关→卡车→海外仓,2025-06-05,2025-09-11,2025-09-20,已入库,MSC
TRKPO000140,PO000140,SKU00013,WH06,中国港口→新加坡港→东盟清关→卡车→海外仓,2025-07-30,2025-11-04,,清关中,MSC
TRKPO000141,PO000141,SKU00013,WH04,中国港口→费利克斯托港→英国清关→卡车→海外仓,2025-09-15,2025-12-01,,运输中,Evergreen
TRKPO000144,PO000144,SKU00014,WH01,中国港口→洛杉矶港→美国清关→卡车→海外仓,2025-08-28,2025-10-13,,已到达目的港,Evergreen
TRKPO000145,PO000145,SKU00014,WH03,中国港口→鹿特丹港→欧盟清关→卡车→海外仓,2025-10-19,2025-12-04,,已到达目的港,Maersk
TRKPO000148,PO000148,SKU00015,WH04,中国港口→费利克斯托港→英国清关→卡车→海外仓,2024-01-26,2024-03-29,2024-03-28,已入库,COSCO
TRKPO000149,PO000149,SKU00015,WH05,中国港口→横滨港→日本清关→卡车→海外仓,2024-03-17,2024-05-19,2024-05-25,已入库,MSC
TRKPO000150,PO000150,SKU00015,WH03,中国港口→鹿特丹港→欧盟清关→卡车→海外仓,2024-04-14,2024-06-06,2024-06-04,已入库,COSCO
TRKPO000151,PO000151,SKU00015,WH01,中国港口→洛杉矶港→美国清关→卡车→海外仓,2024-06-02,2024-08-09,2024-08-20,已入库,Evergreen
TRKPO000152,PO000152,SKU00015,WH03,中国港口→鹿特丹港→欧盟清关→卡车→海外仓,2024-07-15,2024-09-10,2024-09-19,已入库,Evergreen
TRKPO000153,PO000153,SKU00015,WH04,中国港口→费利克斯托港→英国清关→卡车→海外仓,2024-08-11,2024-10-27,2024-10-25,已入库,MSC
TRKPO000154,PO000154,SKU00015,WH01,中国港口→洛杉矶港→美国清关→卡车→海外仓,2024-09-13,2024-11-05,2024-11-06,已入库,MSC
TRKPO000155,PO000155,SKU00015,WH02,中国港口→洛杉矶港→美国清关→卡车→海外仓,2024-11-02,2025-01-09,2025-01-12,已入库,Maersk
TRKPO000156,PO000156,SKU00015,WH01,中国港口→洛杉矶港→美国清关→卡车→海外仓,2024-12-13,2025-02-28,2025-03-10,已入库,Evergreen
TRKPO000157,PO000157,SKU00015,WH05,中国港口→横滨港→日本清关→卡车→海外仓,2025-01-11,2025-03-27,2025-03-26,已入库,Evergreen
TRKPO000158,PO000158,SKU00015,WH03,中国港口→鹿特丹港→欧盟清关→卡车→海外仓,2025-02-24,2025-04-18,2025-04-19,已入库,ONE
TRKPO000159,PO000159,SKU00015,WH05,中国港口→横滨港→日本清关→卡车→海外仓,2025-03-31,2025-06-09,2025-06-10,已入库,Maersk
TRKPO000160,PO000160,SKU00015,WH01,中国港口→洛杉矶港→美国清关→卡车→海外仓,2025-05-12,2025-07-15,,已到达目的港,MSC
TRKPO000161,PO000161,SKU00015,WH03,中国港口→鹿特丹港→欧盟清关→卡车→海外仓,2025-06-19,2025-08-04,,清关中,MSC
TRKPO000162,PO000162,SKU00015,WH04,中国港口→费利克斯托港→英国清关→卡车→海外仓,2025-08-07,2025-09-24,2025-10-02,已入库,MSC
TRKPO000164,PO000164,SKU00015,WH03,中国港口→鹿特丹港→欧盟清关→卡车→海外仓,2025-10-19,2025-12-04,,运输中,Maersk
TRKPO000166,PO000166,SKU00015,WH05,中国港口→横滨港→日本清关→卡车→海外仓,2025-12-15,2026-03-03,,清关中,MSC
TRKPO000167,PO000167,SKU00016,WH04,中国港口→费利克斯托港→英国清关→卡车→海外仓,2024-02-19,2024-04-21,2024-04-30,已入库,MSC
TRKPO000168,PO000168,SKU00016,WH06,中国港口→新加坡港→东盟清关→卡车→海外仓,2024-03-25,2024-06-06,2024-06-12,已入库,ONE
TRKPO000169,PO000169,SKU00016,WH02,中国港口→洛杉矶港→美国清关→卡车→海外仓,2024-05-12,2024-08-01,2024-08-10,已入库,COSCO
TRKPO000170,PO000170,SKU00016,WH02,中国港口→洛杉矶港→美国清关→卡车→海外仓,2024-06-14,2024-08-23,2024-08-18,已入库,Evergreen
TRKPO000171,PO000171,SKU00016,WH06,中国港口→新加坡港→东盟清关→卡车→海外仓,2024-07-18,2024-09-20,2024-09-19,已入库,Maersk
TRKPO000172,PO000172,SKU00016,WH05,中国港口→横滨港→日本清关→卡车→海外仓,2024-08-22,2024-11-03,2024-11-10,已入库,MSC
TRKPO000173,PO000173,SKU00016,WH01,中国港口→洛杉矶港→美国清关→卡车→海外仓,2024-10-11,2024-12-19,2024-12-26,已入库,Evergreen
TRKPO000174,PO000174,SKU00016,WH03,中国港口→鹿特丹港→欧盟清关→卡车→海外仓,2024-11-22,2025-02-06,2025-02-09,已入库,COSCO
TRKPO000175,PO000175,SKU00016,WH01,中国港口→洛杉矶港→美国清关→卡车→海外仓,2025-01-11,2025-03-21,2025-03-19,已入库,ONE
TRKPO000176,PO000176,SKU00016,WH06,中国港口→新加坡港→东盟清关→卡车→海外仓,2025-02-27,2025-05-11,,运输中,COSCO
TRKPO000177,PO000177,SKU00016,WH02,中国港口→洛杉矶港→美国清关→卡车→海外仓,2025-03-30,2025-06-06,2025-06-11,已入库,MSC
TRKPO000178,PO000178,SKU00016,WH06,中国港口→新加坡港→东盟清关→卡车→海外仓,2025-05-01,2025-06-24,2025-07-04,已入库,Maersk
TRKPO000179,PO000179,SKU00016,WH01,中国港口→洛杉矶港→美国清关→卡车→海外仓,2025-05-29,2025-08-09,,已到达目的港,ONE
TRKPO000180,PO000180,SKU00016,WH06,中国港口→新加坡港→东盟清关→卡车→海外仓,2025-07-23,2025-09-22,2025-09-18,已入库,COSCO
TRKPO000181,PO000181,SKU00016,WH03,中国港口→鹿特丹港→欧盟清关→卡车→海外仓,2025-09-01,2025-11-09,,清关中,ONE
TRKPO000182,PO000182,SKU00016,WH04,中国港口→费利克斯托港→英国清关→卡车→海外仓,2025-09-28,2025-11-20,,已到达目的港,Evergreen
TRKPO000183,PO000183,SKU00016,WH02,中国港口→洛杉矶港→美国清关→卡车→海外仓,2025-11-21,2026-02-05,,清关中,Evergreen
TRKPO000184,PO000184,SKU00017,WH03,中国港口→鹿特丹港→欧盟清关→卡车→海外仓,2024-09-12,2024-10-19,2024-10-25,已入库,MSC
TRKPO000185,PO000185,SKU00017,WH04,中国港口→费利克斯托港→英国清关→卡车→海外仓,2024-10-10,2024-12-04,2024-12-16,已入库,COSCO
TRKPO000186,PO000186,SKU00017,WH02,中国港口→洛杉矶港→美国清关→卡车→海外仓,2024-11-21,2025-01-28,2025-01-28,已入库,Maersk
TRKPO000187,PO000187,SKU00017,WH01,中国港口→洛杉矶港→美国清关→卡车→海外仓,2024-12-30,2025-02-17,2025-02-17,已入库,ONE
TRKPO000188,PO000188,SKU00017,WH06,中国港口→新加坡港→东盟清关→卡车→海外仓,2025-02-16,2025-04-10,2025-04-20,已入库,Maersk
TRKPO000189,PO000189,SKU00017,WH02,中国港口→洛杉矶港→美国清关→卡车→海外仓,2025-04-05,2025-05-30,2025-06-08,已入库,MSC
TRKPO000190,PO000190,SKU00017,WH01,中国港口→洛杉矶港→美国清关→卡车→海外仓,2025-05-20,2025-07-23,2025-07-20,已入库,Maersk
TRKPO000191,PO000191,SKU00017,WH01,中国港口→洛杉矶港→美国清关→卡车→海外仓,2025-06-18,2025-08-14,2025-08-25,已入库,Evergreen
TRKPO000192,PO000192,SKU00017,WH03,中国港口→鹿特丹港→欧盟清关→卡车→海外仓,2025-07-20,2025-09-12,2025-09-11,已入库,Maersk
TRKPO000193,PO000193,SKU00017,WH06,中国港口→新加坡港→东盟清关→卡车→海外仓,2025-08-22,2025-10-13,,运输中,Maersk
TRKPO000195,PO000195,SKU00017,WH04,中国港口→费利克斯托港→英国清关→卡车→海外仓,2025-11-03,2025-12-24,,运输中,MSC
TRKPO000197,PO000197,SKU00018,WH06,中国港口→新加坡港→东盟清关→卡车→海外仓,2024-12-04,2025-02-01,2025-02-11,已入库,Maersk
TRKPO000198,PO000198,SKU00018,WH04,中国港口→费利克斯托港→英国清关→卡车→海外仓,2025-01-25,2025-04-12,2025-04-18,已入库,Evergreen
TRKPO000199,PO000199,SKU00018,WH01,中国港口→洛杉矶港→美国清关→卡车→海外仓,2025-03-02,2025-04-22,2025-04-26,已入库,Maersk
TRKPO000200,PO000200,SKU00018,WH02,中国港口→洛杉矶港→美国清关→卡车→海外仓,2025-04-24,2025-06-19,2025-06-22,已入库,ONE
TRKPO000201,PO000201,SKU00018,WH06,中国港口→新加坡港→东盟清关→卡车→海外仓,2025-06-04,2025-07-25,2025-07-30,已入库,Evergreen
TRKPO000202,PO000202,SKU00018,WH04,中国港口→费利克斯托港→英国清关→卡车→海外仓,2025-07-01,2025-09-11,,运输中,Maersk
TRKPO000203,PO000203,SKU00018,WH03,中国港口→鹿特丹港→欧盟清关→卡车→海外仓,2025-08-13,2025-10-25,2025-11-04,已入库,MSC
TRKPO000205,PO000205,SKU00018,WH04,中国港口→费利克斯托港→英国清关→卡车→海外仓,2025-10-25,2025-12-11,,已到达目的港,Evergreen
TRKPO000206,PO000206,SKU00018,WH04,中国港口→费利克斯托港→英国清关→卡车→海外仓,2025-12-13,2026-02-21,,运输中,MSC
TRKPO000210,PO000210,SKU00020,WH06,中国港口→新加坡港→东盟清关→卡车→海外仓,2025-10-14,2025-12-07,,运输中,COSCO
TRKPO000211,PO000211,SKU00020,WH02,中国港口→洛杉矶港→美国清关→卡车→海外仓,2025-11-29,2026-01-06,,运输中,MSC
TRKPO000212,PO000212,SKU00021,WH04,中国港口→费利克斯托港→英国清关→卡车→海外仓,2025-03-10,2025-05-31,2025-05-27,已入库,Evergreen
TRKPO000213,PO000213,SKU00021,WH05,中国港口→横滨港→日本清关→卡车→海外仓,2025-04-21,2025-06-30,2025-07-03,已入库,MSC
TRKPO000214,PO000214,SKU00021,WH03,中国港口→鹿特丹港→欧盟清关→卡车→海外仓,2025-05-23,2025-08-18,2025-08-27,已入库,Evergreen
TRKPO000215,PO000215,SKU00021,WH03,中国港口→鹿特丹港→欧盟清关→卡车→海外仓,2025-07-08,2025-09-27,2025-09-25,已入库,Evergreen
TRKPO000217,PO000217,SKU00021,WH06,中国港口→新加坡港→东盟清关→卡车→海外仓,2025-10-04,2026-01-12,,运输中,Evergreen
TRKPO000218,PO000218,SKU00021,WH02,中国港口→洛杉矶港→美国清关→卡车→海外仓,2025-11-10,2026-02-15,,清关中,ONE
TRKPO000220,PO000220,SKU00022,WH03,中国港口→鹿特丹港→欧盟清关→卡车→海外仓,2025-11-03,2026-01-05,,清关中,Evergreen
TRKPO000222,PO000222,SKU00023,WH02,中国港口→洛杉矶港→美国清关→卡车→海外仓,2024-01-17,2024-03-08,2024-03-18,已入库,COSCO
TRKPO000223,PO000223,SKU00023,WH04,中国港口→费利克斯托港→英国清关→卡车→海外仓,2024-02-29,2024-04-29,2024-04-28,已入库,COSCO
TRKPO000224,PO000224,SKU00023,WH01,中国港口→洛杉矶港→美国清关→卡车→海外仓,2024-04-23,2024-06-28,2024-07-04,已入库,COSCO
TRKPO000225,PO000225,SKU00023,WH02,中国港口→洛杉矶港→美国清关→卡车→海外仓,2024-05-24,2024-08-09,2024-08-10,已入库,Maersk
TRKPO000226,PO000226,SKU00023,WH02,中国港口→洛杉矶港→美国清关→卡车→海外仓,2024-07-10,2024-09-20,2024-09-20,已入库,MSC
TRKPO000227,PO000227,SKU00023,WH04,中国港口→费利克斯托港→英国清关→卡车→海外仓,2024-08-28,2024-11-07,2024-11-18,已入库,Maersk
TRKPO000228,PO000228,SKU00023,WH03,中国港口→鹿特丹港→欧盟清关→卡车→海外仓,2024-10-03,2024-12-05,2024-12-06,已入库,ONE
TRKPO000229,PO000229,SKU00023,WH06,中国港口→新加坡港→东盟清关→卡车→海外仓,2024-11-12,2025-01-04,2024-12-30,已入库,ONE
TRKPO000230,PO000230,SKU00023,WH03,中国港口→鹿特丹港→欧盟清关→卡车→海外仓,2025-01-02,2025-03-03,2025-03-03,已入库,Evergreen
TRKPO000231,PO000231,SKU00023,WH01,中国港口→洛杉矶港→美国清关→卡车→海外仓,2025-01-28,2025-03-25,2025-03-22,已入库,MSC
TRKPO000232,PO000232,SKU00023,WH02,中国港口→洛杉矶港→美国清关→卡车→海外仓,2025-03-23,2025-05-27,2025-06-06,已入库,COSCO
TRKPO000233,PO000233,SKU00023,WH03,中国港口→鹿特丹港→欧盟清关→卡车→海外仓,2025-04-29,2025-07-16,2025-07-21,已入库,COSCO
TRKPO000234,PO000234,SKU00023,WH06,中国港口→新加坡港→东盟清关→卡车→海外仓,2025-06-16,2025-08-31,2025-09-04,已入库,COSCO
TRKPO000235,PO000235,SKU00023,WH05,中国港口→横滨港→日本清关→卡车→海外仓,2025-07-16,2025-10-02,,清关中,Maersk
TRKPO000236,PO000236,SKU00023,WH01,中国港口→洛杉矶港→美国清关→卡车→海外仓,2025-08-26,2025-10-16,2025-10-14,已入库,Maersk
TRKPO000237,PO000237,SKU00023,WH06,中国港口→新加坡港→东盟清关→卡车→海外仓,2025-10-03,2025-12-03,,运输中,COSCO
TRKPO000239,PO000239,SKU00023,WH05,中国港口→横滨港→日本清关→卡车→海外仓,2025-12-21,2026-02-07,,运输中,Evergreen
TRKPO000240,PO000240,SKU00024,WH01,中国港口→洛杉矶港→美国清关→卡车→海外仓,2025-01-02,2025-03-01,2025-03-11,已入库,Evergreen
TRKPO000241,PO000241,SKU00024,WH01,中国港口→洛杉矶港→美国清关→卡车→海外仓,2025-02-18,2025-04-10,2025-04-13,已入库,ONE
TRKPO000242,PO000242,SKU00024,WH05,中国港口→横滨港→日本清关→卡车→海外仓,2025-03-31,2025-05-25,2025-05-20,已入库,Maersk
TRKPO000243,PO000243,SKU00024,WH01,中国港口→洛杉矶港→美国清关→卡车→海外仓,2025-05-21,2025-07-17,,运输中,ONE
TRKPO000244,PO000244,SKU00024,WH06,中国港口→新加坡港→东盟清关→卡车→海外仓,2025-07-03,2025-08-26,2025-09-04,已入库,Maersk
TRKPO000245,PO000245,SKU00024,WH04,中国港口→费利克斯托港→英国清关→卡车→海外仓,2025-08-24,2025-10-08,2025-10-07,已入库,MSC
TRKPO000246,PO000246,SKU00024,WH04,中国港口→费利克斯托港→英国清关→卡车→海外仓,2025-10-08,2025-11-27,,运输中,Maersk
TRKPO000247,PO000247,SKU00024,WH02,中国港口→洛杉矶港→美国清关→卡车→海外仓,2025-11-12,2026-01-24,,清关中,COSCO
TRKPO000248,PO000248,SKU00025,WH01,中国港口→洛杉矶港→美国清关→卡车→海外仓,2025-06-26,2025-08-22,2025-08-19,已入库,ONE
TRKPO000249,PO000249,SKU00025,WH03,中国港口→鹿特丹港→欧盟清关→卡车→海外仓,2025-07-29,2025-09-09,,已到达目的港,Evergreen
TRKPO000250,PO000250,SKU00025,WH02,中国港口→洛杉矶港→美国清关→卡车→海外仓,2025-08-27,2025-10-10,2025-10-07,已入库,Evergreen
TRKPO000251,PO000251,SKU00025,WH06,中国港口→新加坡港→东盟清关→卡车→海外仓,2025-10-18,2025-12-18,,清关中,MSC
TRKPO000253,PO000253,SKU00026,WH01,中国港口→洛杉矶港→美国清关→卡车→海外仓,2025-10-11,2025-12-31,,运输中,Evergreen
TRKPO000254,PO000254,SKU00026,WH05,中国港口→横滨港→日本清关→卡车→海外仓,2025-11-19,2026-01-28,,运输中,COSCO
TRKPO000255,PO000255,SKU00027,WH05,中国港口→横滨港→日本清关→卡车→海外仓,2024-04-18,2024-06-04,2024-06-05,已入库,MSC
TRKPO000256,PO000256,SKU00027,WH03,中国港口→鹿特丹港→欧盟清关→卡车→海外仓,2024-05-20,2024-07-06,2024-07-13,已入库,Evergreen
TRKPO000257,PO000257,SKU00027,WH03,中国港口→鹿特丹港→欧盟清关→卡车→海外仓,2024-07-06,2024-09-10,2024-09-14,已入库,MSC
TRKPO000258,PO000258,SKU00027,WH04,中国港口→费利克斯托港→英国清关→卡车→海外仓,2024-08-02,2024-10-02,2024-09-30,已入库,Maersk
TRKPO000259,PO000259,SKU00027,WH01,中国港口→洛杉矶港→美国清关→卡车→海外仓,2024-09-04,2024-10-24,2024-11-03,已入库,Evergreen
TRKPO000260,PO000260,SKU00027,WH04,中国港口→费利克斯托港→英国清关→卡车→海外仓,2024-10-13,2024-12-26,2024-12-30,已入库,ONE
TRKPO000261,PO000261,SKU00027,WH05,中国港口→横滨港→日本清关→卡车→海外仓,2024-11-09,2024-12-26,2024-12-25,已入库,Maersk
TRKPO000262,PO000262,SKU00027,WH03,中国港口→鹿特丹港→欧盟清关→卡车→海外仓,2024-12-14,2025-01-25,2025-01-23,已入库,Maersk
TRKPO000263,PO000263,SKU00027,WH05,中国港口→横滨港→日本清关→卡车→海外仓,2025-02-01,2025-03-30,2025-04-10,已入库,MSC
TRKPO000264,PO000264,SKU00027,WH03,中国港口→鹿特丹港→欧盟清关→卡车→海外仓,2025-03-19,2025-05-10,2025-05-20,已入库,Evergreen
TRKPO000265,PO000265,SKU00027,WH04,中国港口→费利克斯托港→英国清关→卡车→海外仓,2025-04-28,2025-06-13,2025-06-20,已入库,Evergreen
TRKPO000266,PO000266,SKU00027,WH03,中国港口→鹿特丹港→欧盟清关→卡车→海外仓,2025-06-01,2025-07-17,2025-07-20,已入库,ONE
TRKPO000267,PO000267,SKU00027,WH02,中国港口→洛杉矶港→美国清关→卡车→海外仓,2025-07-11,2025-09-20,,已到达目的港,Evergreen
TRKPO000268,PO000268,SKU00027,WH03,中国港口→鹿特丹港→欧盟清关→卡车→海外仓,2025-08-15,2025-10-17,2025-10-14,已入库,Evergreen
TRKPO000269,PO000269,SKU00027,WH05,中国港口→横滨港→日本清关→卡车→海外仓,2025-09-29,2025-11-29,,清关中,ONE
TRKPO000270,PO000270,SKU00027,WH03,中国港口→鹿特丹港→欧盟清关→卡车→海外仓,2025-11-03,2026-01-09,,运输中,Evergreen
TRKPO000271,PO000271,SKU00027,WH03,中国港口→鹿特丹港→欧盟清关→卡车→海外仓,2025-12-28,2026-02-28,,已到达目的港,Evergreen
TRKPO000272,PO000272,SKU00028,WH05,中国港口→横滨港→日本清关→卡车→海外仓,2025-06-20,2025-09-03,2025-08-31,已入库,COSCO
TRKPO000273,PO000273,SKU00028,WH03,中国港口→鹿特丹港→欧盟清关→卡车→海外仓,2025-08-07,2025-10-23,2025-11-03,已入库,Maersk
TRKPO000274,PO000274,SKU00028,WH06,中国港口→新加坡港→东盟清关→卡车→海外仓,2025-09-28,2026-01-01,,清关中,MSC
TRKPO000275,PO000275,SKU00028,WH04,中国港口→费利克斯托港→英国清关→卡车→海外仓,2025-10-27,2026-01-23,,已到达目的港,MSC
TRKPO000277,PO000277,SKU00029,WH01,中国港口→洛杉矶港→美国清关→卡车→海外仓,2025-01-31,2025-03-27,2025-04-06,已入库,ONE
TRKPO000278,PO000278,SKU00029,WH05,中国港口→横滨港→日本清关→卡车→海外仓,2025-03-18,2025-05-17,2025-05-28,已入库,COSCO
TRKPO000279,PO000279,SKU00029,WH01,中国港口→洛杉矶港→美国清关→卡车→海外仓,2025-05-03,2025-07-13,,清关中,Evergreen
TRKPO000280,PO000280,SKU00029,WH03,中国港口→鹿特丹港→欧盟清关→卡车→海外仓,2025-06-13,2025-08-16,,清关中,COSCO
TRKPO000281,PO000281,SKU00029,WH01,中国港口→洛杉矶港→美国清关→卡车→海外仓,2025-07-26,2025-09-23,2025-10-03,已入库,Maersk
TRKPO000283,PO000283,SKU00029,WH03,中国港口→鹿特丹港→欧盟清关→卡车→海外仓,2025-11-07,2026-01-29,,运输中,MSC
TRKPO000284,PO000284,SKU00029,WH03,中国港口→鹿特丹港→欧盟清关→卡车→海外仓,2025-12-24,2026-03-04,,已到达目的港,Maersk
TRKPO000285,PO000285,SKU00030,WH06,中国港口→新加坡港→东盟清关→卡车→海外仓,2024-07-13,2024-08-24,2024-08-26,已入库,ONE
TRKPO000286,PO000286,SKU00030,WH03,中国港口→鹿特丹港→欧盟清关→卡车→海外仓,2024-08-12,2024-09-23,2024-10-01,已入库,Maersk
TRKPO000287,PO000287,SKU00030,WH04,中国港口→费利克斯托港→英国清关→卡车→海外仓,2024-10-06,2024-11-21,2024-11-17,已入库,ONE
TRKPO000288,PO000288,SKU00030,WH01,中国港口→洛杉矶港→美国清关→卡车→海外仓,2024-11-05,2025-01-01,2024-12-29,已入库,COSCO
TRKPO000289,PO000289,SKU00030,WH05,中国港口→横滨港→日本清关→卡车→海外仓,2024-12-28,2025-02-26,2025-03-09,已入库,COSCO
TRKPO000290,PO000290,SKU00030,WH03,中国港口→鹿特丹港→欧盟清关→卡车→海外仓,2025-01-22,2025-03-08,2025-03-19,已入库,Evergreen
TRKPO000291,PO000291,SKU00030,WH05,中国港口→横滨港→日本清关→卡车→海外仓,2025-03-13,2025-04-20,2025-04-28,已入库,COSCO
TRKPO000292,PO000292,SKU00030,WH03,中国港口→鹿特丹港→欧盟清关→卡车→海外仓,2025-04-17,2025-06-17,2025-06-26,已入库,ONE
TRKPO000293,PO000293,SKU00030,WH05,中国港口→横滨港→日本清关→卡车→海外仓,2025-05-27,2025-07-18,,清关中,Maersk
TRKPO000294,PO000294,SKU00030,WH05,中国港口→横滨港→日本清关→卡车→海外仓,2025-07-02,2025-08-14,2025-08-17,已入库,ONE
TRKPO000295,PO000295,SKU00030,WH01,中国港口→洛杉矶港→美国清关→卡车→海外仓,2025-08-06,2025-09-22,2025-09-19,已入库,ONE
TRKPO000298,PO000298,SKU00030,WH01,中国港口→洛杉矶港→美国清关→卡车→海外仓,2025-11-30,2026-01-04,,运输中,COSCO
TRKPO000299,PO000299,SKU00031,WH04,中国港口→费利克斯托港→英国清关→卡车→海外仓,2024-01-12,2024-04-19,2024-04-28,已入库,MSC
TRKPO000300,PO000300,SKU00031,WH02,中国港口→洛杉矶港→美国清关→卡车→海外仓,2024-02-19,2024-05-27,2024-05-27,已入库,Evergreen
TRKPO000301,PO000301,SKU00031,WH01,中国港口→洛杉矶港→美国清关→卡车→海外仓,2024-03-15,2024-06-08,2024-06-04,已入库,COSCO
TRKPO000302,PO000302,SKU00031,WH04,中国港口→费利克斯托港→英国清关→卡车→海外仓,2024-04-26,2024-07-12,2024-07-20,已入库,Maersk
TRKPO000303,PO000303,SKU00031,WH01,中国港口→洛杉矶港→美国清关→卡车→海外仓,2024-06-14,2024-09-21,2024-09-26,已入库,ONE
TRKPO000304,PO000304,SKU00031,WH05,中国港口→横滨港→日本清关→卡车→海外仓,2024-07-17,2024-10-15,2024-10-24,已入库,Evergreen
TRKPO000305,PO000305,SKU00031,WH04,中国港口→费利克斯托港→英国清关→卡车→海外仓,2024-08-12,2024-10-31,2024-11-03,已入库,Maersk
TRKPO000306,PO000306,SKU00031,WH01,中国港口→洛杉矶港→美国清关→卡车→海外仓,2024-10-02,2024-12-27,2024-12-27,已入库,MSC
TRKPO000307,PO000307,SKU00031,WH01,中国港口→洛杉矶港→美国清关→卡车→海外仓,2024-11-07,2025-02-10,2025-02-10,已入库,COSCO
TRKPO000308,PO000308,SKU00031,WH06,中国港口→新加坡港→东盟清关→卡车→海外仓,2024-12-09,2025-03-08,2025-03-11,已入库,COSCO
TRKPO000309,PO000309,SKU00031,WH02,中国港口→洛杉矶港→美国清关→卡车→海外仓,2025-01-16,2025-04-01,2025-04-09,已入库,ONE
TRKPO000310,PO000310,SKU00031,WH05,中国港口→横滨港→日本清关→卡车→海外仓,2025-03-07,2025-06-04,2025-05-30,已入库,COSCO
TRKPO000311,PO000311,SKU00031,WH05,中国港口→横滨港→日本清关→卡车→海外仓,2025-04-23,2025-07-17,2025-07-24,已入库,COSCO
TRKPO000312,PO000312,SKU00031,WH03,中国港口→鹿特丹港→欧盟清关→卡车→海外仓,2025-05-21,2025-08-22,2025-08-17,已入库,MSC
TRKPO000313,PO000313,SKU00031,WH06,中国港口→新加坡港→东盟清关→卡车→海外仓,2025-06-19,2025-09-09,,已到达目的港,Evergreen
TRKPO000314,PO000314,SKU00031,WH05,中国港口→横滨港→日本清关→卡车→海外仓,2025-08-09,2025-11-15,,清关中,Evergreen
TRKPO000316,PO000316,SKU00031,WH03,中国港口→鹿特丹港→欧盟清关→卡车→海外仓,2025-11-01,2026-02-05,,已到达目的港,ONE
TRKPO000318,PO000318,SKU00032,WH04,中国港口→费利克斯托港→英国清关→卡车→海外仓,2024-05-06,2024-07-23,2024-08-02,已入库,Maersk
TRKPO000319,PO000319,SKU00032,WH03,中国港口→鹿特丹港→欧盟清关→卡车→海外仓,2024-06-15,2024-09-08,2024-09-14,已入库,Evergreen
TRKPO000320,PO000320,SKU00032,WH03,中国港口→鹿特丹港→欧盟清关→卡车→海外仓,2024-07-28,2024-11-01,2024-11-05,已入库,COSCO
TRKPO000321,PO000321,SKU00032,WH01,中国港口→洛杉矶港→美国清关→卡车→海外仓,2024-09-15,2024-11-21,2024-11-20,已入库,MSC
TRKPO000322,PO000322,SKU00032,WH01,中国港口→洛杉矶港→美国清关→卡车→海外仓,2024-11-05,2025-01-10,2025-01-05,已入库,MSC
TRKPO000323,PO000323,SKU00032,WH01,中国港口→洛杉矶港→美国清关→卡车→海外仓,2024-12-05,2025-03-09,2025-03-07,已入库,COSCO
TRKPO000324,PO000324,SKU00032,WH06,中国港口→新加坡港→东盟清关→卡车→海外仓,2025-01-12,2025-03-26,2025-03-27,已入库,COSCO
TRKPO000325,PO000325,SKU00032,WH03,中国港口→鹿特丹港→欧盟清关→卡车→海外仓,2025-03-05,2025-05-14,2025-05-15,已入库,Evergreen
TRKPO000326,PO000326,SKU00032,WH06,中国港口→新加坡港→东盟清关→卡车→海外仓,2025-04-19,2025-06-26,,已到达目的港,MSC
TRKPO000327,PO000327,SKU00032,WH01,中国港口→洛杉矶港→美国清关→卡车→海外仓,2025-05-21,2025-07-30,2025-08-01,已入库,Evergreen
TRKPO000328,PO000328,SKU00032,WH06,中国港口→新加坡港→东盟清关→卡车→海外仓,2025-06-17,2025-09-04,2025-09-16,已入库,MSC
TRKPO000329,PO000329,SKU00032,WH06,中国港口→新加坡港→东盟清关→卡车→海外仓,2025-07-12,2025-09-22,2025-09-19,已入库,Maersk
TRKPO000330,PO000330,SKU00032,WH03,中国港口→鹿特丹港→欧盟清关→卡车→海外仓,2025-08-18,2025-10-28,,清关中,MSC
TRKPO000331,PO000331,SKU00032,WH05,中国港口→横滨港→日本清关→卡车→海外仓,2025-09-24,2025-12-07,,清关中,Evergreen
TRKPO000333,PO000333,SKU00032,WH01,中国港口→洛杉矶港→美国清关→卡车→海外仓,2025-12-01,2026-02-17,,运输中,COSCO
TRKPO000334,PO000334,SKU00033,WH03,中国港口→鹿特丹港→欧盟清关→卡车→海外仓,2024-02-03,2024-05-05,2024-05-05,已入库,MSC
TRKPO000335,PO000335,SKU00033,WH02,中国港口→洛杉矶港→美国清关→卡车→海外仓,2024-03-06,2024-05-15,2024-05-24,已入库,Evergreen
TRKPO000336,PO000336,SKU00033,WH06,中国港口→新加坡港→东盟清关→卡车→海外仓,2024-04-19,2024-06-24,2024-07-04,已入库,COSCO
TRKPO000337,PO000337,SKU00033,WH02,中国港口→洛杉矶港→美国清关→卡车→海外仓,2024-05-20,2024-08-25,2024-09-03,已入库,ONE
TRKPO000338,PO000338,SKU00033,WH04,中国港口→费利克斯托港→英国清关→卡车→海外仓,2024-06-23,2024-09-11,2024-09-13,已入库,MSC
TRKPO000339,PO000339,SKU00033,WH05,中国港口→横滨港→日本清关→卡车→海外仓,2024-07-25,2024-10-02,2024-10-06,已入库,ONE
TRKPO000340,PO000340,SKU00033,WH02,中国港口→洛杉矶港→美国清关→卡车→海外仓,2024-08-19,2024-11-12,2024-11-19,已入库,COSCO
TRKPO000341,PO000341,SKU00033,WH05,中国港口→横滨港→日本清关→卡车→海外仓,2024-10-09,2025-01-05,2025-01-10,已入库,COSCO
TRKPO000342,PO000342,SKU00033,WH01,中国港口→洛杉矶港→美国清关→卡车→海外仓,2024-11-27,2025-02-04,2025-02-02,已入库,Evergreen
TRKPO000343,PO000343,SKU00033,WH01,中国港口→洛杉矶港→美国清关→卡车→海外仓,2024-12-22,2025-03-10,2025-03-18,已入库,Evergreen
TRKPO000344,PO000344,SKU00033,WH06,中国港口→新加坡港→东盟清关→卡车→海外仓,2025-02-15,2025-05-23,2025-06-04,已入库,Maersk
TRKPO000345,PO000345,SKU00033,WH03,中国港口→鹿特丹港→欧盟清关→卡车→海外仓,2025-03-25,2025-06-03,2025-05-30,已入库,Evergreen
TRKPO000346,PO000346,SKU00033,WH05,中国港口→横滨港→日本清关→卡车→海外仓,2025-04-21,2025-07-08,2025-07-15,已入库,Evergreen
TRKPO000347,PO000347,SKU00033,WH06,中国港口→新加坡港→东盟清关→卡车→海外仓,2025-06-03,2025-08-26,,已到达目的港,ONE
TRKPO000348,PO000348,SKU00033,WH04,中国港口→费利克斯托港→英国清关→卡车→海外仓,2025-07-05,2025-10-05,,已到达目的港,ONE
TRKPO000349,PO000349,SKU00033,WH06,中国港口→新加坡港→东盟清关→卡车→海外仓,2025-08-20,2025-10-31,,已到达目的港,Evergreen
TRKPO000351,PO000351,SKU00033,WH03,中国港口→鹿特丹港→欧盟清关→卡车→海外仓,2025-11-16,2026-01-27,,运输中,COSCO
TRKPO000352,PO000352,SKU00033,WH04,中国港口→费利克斯托港→英国清关→卡车→海外仓,2025-12-13,2026-02-20,,已到达目的港,COSCO
TRKPO000353,PO000353,SKU00034,WH03,中国港口→鹿特丹港→欧盟清关→卡车→海外仓,2025-03-17,2025-06-10,2025-06-18,已入库,ONE
TRKPO000354,PO000354,SKU00034,WH01,中国港口→洛杉矶港→美国清关→卡车→海外仓,2025-05-09,2025-07-24,2025-07-29,已入库,ONE
TRKPO000355,PO000355,SKU00034,WH03,中国港口→鹿特丹港→欧盟清关→卡车→海外仓,2025-06-03,2025-08-06,,运输中,Maersk
TRKPO000356,PO000356,SKU00034,WH03,中国港口→鹿特丹港→欧盟清关→卡车→海外仓,2025-07-27,2025-10-23,,已到达目的港,Evergreen
TRKPO000359,PO000359,SKU00034,WH01,中国港口→洛杉矶港→美国清关→卡车→海外仓,2025-11-04,2026-01-24,,清关中,COSCO
TRKPO000361,PO000361,SKU00035,WH02,中国港口→洛杉矶港→美国清关→卡车→海外仓,2024-01-01,2024-03-17,2024-03-27,已入库,ONE
TRKPO000362,PO000362,SKU00035,WH05,中国港口→横滨港→日本清关→卡车→海外仓,2024-02-08,2024-04-23,2024-04-29,已入库,Evergreen
TRKPO000363,PO000363,SKU00035,WH01,中国港口→洛杉矶港→美国清关→卡车→海外仓,2024-03-30,2024-06-20,2024-06-28,已入库,COSCO
TRKPO000364,PO000364,SKU00035,WH02,中国港口→洛杉矶港→美国清关→卡车→海外仓,2024-05-06,2024-07-12,2024-07-12,已入库,Maersk
TRKPO000365,PO000365,SKU00035,WH01,中国港口→洛杉矶港→美国清关→卡车→海外仓,2024-06-07,2024-09-07,2024-09-08,已入库,Evergreen
TRKPO000366,PO000366,SKU00035,WH01,中国港口→洛杉矶港→美国清关→卡车→海外仓,2024-07-06,2024-09-10,2024-09-16,已入库,Evergreen
TRKPO000367,PO000367,SKU00035,WH06,中国港口→新加坡港→东盟清关→卡车→海外仓,2024-08-28,2024-11-23,2024-11-25,已入库,ONE
TRKPO000368,PO000368,SKU00035,WH05,中国港口→横滨港→日本清关→卡车→海外仓,2024-10-06,2024-12-12,2024-12-14,已入库,ONE
TRKPO000369,PO000369,SKU00035,WH05,中国港口→横滨港→日本清关→卡车→海外仓,2024-11-26,2025-01-30,2025-02-04,已入库,ONE
TRKPO000370,PO000370,SKU00035,WH03,中国港口→鹿特丹港→欧盟清关→卡车→海外仓,2025-01-03,2025-03-20,2025-03-29,已入库,MSC
TRKPO000371,PO000371,SKU00035,WH03,中国港口→鹿特丹港→欧盟清关→卡车→海外仓,2025-02-07,2025-04-29,2025-05-03,已入库,Evergreen
TRKPO000372,PO000372,SKU00035,WH05,中国港口→横滨港→日本清关→卡车→海外仓,2025-03-11,2025-05-23,2025-05-31,已入库,Maersk
TRKPO000373,PO000373,SKU00035,WH03,中国港口→鹿特丹港→欧盟清关→卡车→海外仓,2025-04-08,2025-07-06,,清关中,MSC
TRKPO000374,PO000374,SKU00035,WH04,中国港口→费利克斯托港→英国清关→卡车→海外仓,2025-06-02,2025-08-30,2025-08-31,已入库,Maersk
TRKPO000375,PO000375,SKU00035,WH03,中国港口→鹿特丹港→欧盟清关→卡车→海外仓,2025-07-02,2025-09-03,,已到达目的港,COSCO
TRKPO000377,PO000377,SKU00035,WH05,中国港口→横滨港→日本清关→卡车→海外仓,2025-09-25,2025-12-20,,已到达目的港,Evergreen
TRKPO000378,PO000378,SKU00035,WH01,中国港口→洛杉矶港→美国清关→卡车→海外仓,2025-11-03,2026-01-11,,运输中,MSC
TRKPO000379,PO000379,SKU00035,WH03,中国港口→鹿特丹港→欧盟清关→卡车→海外仓,2025-12-05,2026-02-16,,运输中,MSC
TRKPO000380,PO000380,SKU00036,WH01,中国港口→洛杉矶港→美国清关→卡车→海外仓,2024-08-23,2024-09-30,2024-10-10,已入库,COSCO
TRKPO000381,PO000381,SKU00036,WH01,中国港口→洛杉矶港→美国清关→卡车→海外仓,2024-09-23,2024-11-04,2024-11-12,已入库,Evergreen
TRKPO000382,PO000382,SKU00036,WH01,中国港口→洛杉矶港→美国清关→卡车→海外仓,2024-11-13,2024-12-24,2024-12-28,已入库,MSC
TRKPO000383,PO000383,SKU00036,WH06,中国港口→新加坡港→东盟清关→卡车→海外仓,2024-12-09,2025-02-08,2025-02-09,已入库,ONE
TRKPO000384,PO000384,SKU00036,WH02,中国港口→洛杉矶港→美国清关→卡车→海外仓,2025-01-03,2025-03-05,2025-03-01,已入库,COSCO
TRKPO000385,PO000385,SKU00036,WH03,中国港口→鹿特丹港→欧盟清关→卡车→海外仓,2025-02-26,2025-04-18,2025-04-24,已入库,Maersk
TRKPO000386,PO000386,SKU00036,WH04,中国港口→费利克斯托港→英国清关→卡车→海外仓,2025-03-27,2025-05-15,2025-05-21,已入库,MSC
TRKPO000387,PO000387,SKU00036,WH02,中国港口→洛杉矶港→美国清关→卡车→海外仓,2025-04-22,2025-06-12,,运输中,ONE
TRKPO000388,PO000388,SKU00036,WH04,中国港口→费利克斯托港→英国清关→卡车→海外仓,2025-06-11,2025-07-30,2025-07-26,已入库,COSCO
TRKPO000389,PO000389,SKU00036,WH05,中国港口→横滨港→日本清关→卡车→海外仓,2025-07-17,2025-09-20,2025-09-25,已入库,Evergreen
TRKPO000390,PO000390,SKU00036,WH02,中国港口→洛杉矶港→美国清关→卡车→海外仓,2025-08-16,2025-10-09,2025-10-07,已入库,ONE
TRKPO000391,PO000391,SKU00036,WH05,中国港口→横滨港→日本清关→卡车→海外仓,2025-10-05,2025-11-11,,运输中,COSCO
TRKPO000392,PO000392,SKU00036,WH06,中国港口→新加坡港→东盟清关→卡车→海外仓,2025-11-06,2025-12-16,,已到达目的港,MSC
TRKPO000394,PO000394,SKU00037,WH05,中国港口→横滨港→日本清关→卡车→海外仓,2024-10-02,2024-12-12,2024-12-22,已入库,Maersk
TRKPO000395,PO000395,SKU00037,WH06,中国港口→新加坡港→东盟清关→卡车→海外仓,2024-11-19,2025-01-15,2025-01-20,已入库,Maersk
TRKPO000396,PO000396,SKU00037,WH04,中国港口→费利克斯托港→英国清关→卡车→海外仓,2025-01-13,2025-03-22,2025-03-18,已入库,ONE
TRKPO000397,PO000397,SKU00037,WH01,中国港口→洛杉矶港→美国清关→卡车→海外仓,2025-02-12,2025-04-11,2025-04-14,已入库,MSC
TRKPO000398,PO000398,SKU00037,WH01,中国港口→洛杉矶港→美国清关→卡车→海外仓,2025-03-28,2025-05-24,,已到达目的港,ONE
TRKPO000399,PO000399,SKU00037,WH03,中国港口→鹿特丹港→欧盟清关→卡车→海外仓,2025-05-17,2025-08-02,2025-07-31,已入库,COSCO
TRKPO000400,PO000400,SKU00037,WH01,中国港口→洛杉矶港→美国清关→卡车→海外仓,2025-06-15,2025-08-17,2025-08-26,已入库,Evergreen
TRKPO000401,PO000401,SKU00037,WH03,中国港口→鹿特丹港→欧盟清关→卡车→海外仓,2025-07-22,2025-10-07,2025-10-05,已入库,COSCO
TRKPO000404,PO000404,SKU00037,WH06,中国港口→新加坡港→东盟清关→卡车→海外仓,2025-12-19,2026-02-21,,已到达目的港,ONE
TRKPO000405,PO000405,SKU00038,WH05,中国港口→横滨港→日本清关→卡车→海外仓,2024-01-01,2024-03-11,2024-03-09,已入库,ONE
TRKPO000406,PO000406,SKU00038,WH04,中国港口→费利克斯托港→英国清关→卡车→海外仓,2024-02-20,2024-04-25,2024-04-21,已入库,ONE
TRKPO000407,PO000407,SKU00038,WH03,中国港口→鹿特丹港→欧盟清关→卡车→海外仓,2024-04-08,2024-06-21,2024-06-19,已入库,MSC
TRKPO000408,PO000408,SKU00038,WH04,中国港口→费利克斯托港→英国清关→卡车→海外仓,2024-05-08,2024-07-27,2024-07-25,已入库,MSC
TRKPO000409,PO000409,SKU00038,WH03,中国港口→鹿特丹港→欧盟清关→卡车→海外仓,2024-06-08,2024-08-10,2024-08-16,已入库,MSC
TRKPO000410,PO000410,SKU00038,WH04,中国港口→费利克斯托港→英国清关→卡车→海外仓,2024-07-06,2024-09-06,2024-09-10,已入库,Evergreen
TRKPO000411,PO000411,SKU00038,WH04,中国港口→费利克斯托港→英国清关→卡车→海外仓,2024-08-13,2024-11-06,2024-11-17,已入库,Evergreen
TRKPO000412,PO000412,SKU00038,WH01,中国港口→洛杉矶港→美国清关→卡车→海外仓,2024-09-18,2024-12-10,2024-12-08,已入库,MSC
TRKPO000413,PO000413,SKU00038,WH04,中国港口→费利克斯托港→英国清关→卡车→海外仓,2024-11-07,2025-01-15,2025-01-21,已入库,Maersk
TRKPO000414,PO000414,SKU00038,WH01,中国港口→洛杉矶港→美国清关→卡车→海外仓,2024-12-29,2025-03-16,2025-03-15,已入库,COSCO
TRKPO000415,PO000415,SKU00038,WH03,中国港口→鹿特丹港→欧盟清关→卡车→海外仓,2025-02-22,2025-04-26,2025-04-27,已入库,Evergreen
TRKPO000416,PO000416,SKU00038,WH03,中国港口→鹿特丹港→欧盟清关→卡车→海外仓,2025-03-31,2025-06-02,2025-06-10,已入库,COSCO
TRKPO000417,PO000417,SKU00038,WH06,中国港口→新加坡港→东盟清关→卡车→海外仓,2025-05-14,2025-07-13,,运输中,Evergreen
TRKPO000418,PO000418,SKU00038,WH02,中国港口→洛杉矶港→美国清关→卡车→海外仓,2025-06-13,2025-08-17,2025-08-22,已入库,Maersk
TRKPO000419,PO000419,SKU00038,WH03,中国港口→鹿特丹港→欧盟清关→卡车→海外仓,2025-07-25,2025-10-08,2025-10-19,已入库,MSC
TRKPO000421,PO000421,SKU00038,WH03,中国港口→鹿特丹港→欧盟清关→卡车→海外仓,2025-09-27,2025-12-22,,运输中,Maersk
TRKPO000422,PO000422,SKU00038,WH02,中国港口→洛杉矶港→美国清关→卡车→海外仓,2025-11-06,2026-01-10,,清关中,Evergreen
TRKPO000423,PO000423,SKU00038,WH04,中国港口→费利克斯托港→英国清关→卡车→海外仓,2025-12-03,2026-02-07,,清关中,MSC
TRKPO000424,PO000424,SKU00039,WH02,中国港口→洛杉矶港→美国清关→卡车→海外仓,2024-06-09,2024-09-08,2024-09-07,已入库,ONE
TRKPO000425,PO000425,SKU00039,WH04,中国港口→费利克斯托港→英国清关→卡车→海外仓,2024-07-16,2024-10-02,2024-10-10,已入库,MSC
TRKPO000426,PO000426,SKU00039,WH02,中国港口→洛杉矶港→美国清关→卡车→海外仓,2024-08-24,2024-11-15,2024-11-14,已入库,Evergreen
TRKPO000427,PO000427,SKU00039,WH06,中国港口→新加坡港→东盟清关→卡车→海外仓,2024-10-06,2024-12-21,2024-12-29,已入库,Evergreen
TRKPO000428,PO000428,SKU00039,WH05,中国港口→横滨港→日本清关→卡车→海外仓,2024-11-02,2025-02-03,2025-02-12,已入库,ONE
TRKPO000429,PO000429,SKU00039,WH04,中国港口→费利克斯托港→英国清关→卡车→海外仓,2024-11-28,2025-03-08,2025-03-14,已入库,COSCO
TRKPO000430,PO000430,SKU00039,WH04,中国港口→费利克斯托港→英国清关→卡车→海外仓,2025-01-13,2025-04-05,2025-04-14,已入库,MSC
TRKPO000431,PO000431,SKU00039,WH01,中国港口→洛杉矶港→美国清关→卡车→海外仓,2025-02-19,2025-05-29,2025-05-24,已入库,ONE
TRKPO000432,PO000432,SKU00039,WH02,中国港口→洛杉矶港→美国清关→卡车→海外仓,2025-03-30,2025-06-15,2025-06-12,已入库,COSCO
TRKPO000433,PO000433,SKU00039,WH06,中国港口→新加坡港→东盟清关→卡车→海外仓,2025-05-07,2025-08-09,2025-08-14,已入库,Maersk
TRKPO000434,PO000434,SKU00039,WH01,中国港口→洛杉矶港→美国清关→卡车→海外仓,2025-06-20,2025-09-15,2025-09-22,已入库,MSC
TRKPO000435,PO000435,SKU00039,WH05,中国港口→横滨港→日本清关→卡车→海外仓,2025-08-01,2025-10-27,2025-11-04,已入库,COSCO
TRKPO000436,PO000436,SKU00039,WH04,中国港口→费利克斯托港→英国清关→卡车→海外仓,2025-09-20,2025-12-22,,清关中,COSCO
TRKPO000438,PO000438,SKU00039,WH04,中国港口→费利克斯托港→英国清关→卡车→海外仓,2025-12-25,2026-03-28,,已到达目的港,MSC
TRKPO000439,PO000439,SKU00040,WH04,中国港口→费利克斯托港→英国清关→卡车→海外仓,2024-10-11,2024-12-03,2024-11-29,已入库,ONE
TRKPO000440,PO000440,SKU00040,WH04,中国港口→费利克斯托港→英国清关→卡车→海外仓,2024-11-24,2025-01-01,2025-01-05,已入库,Evergreen
TRKPO000441,PO000441,SKU00040,WH06,中国港口→新加坡港→东盟清关→卡车→海外仓,2024-12-29,2025-02-06,2025-02-13,已入库,ONE
TRKPO000442,PO000442,SKU00040,WH03,中国港口→鹿特丹港→欧盟清关→卡车→海外仓,2025-01-31,2025-03-09,2025-03-13,已入库,Maersk
TRKPO000443,PO000443,SKU00040,WH04,中国港口→费利克斯托港→英国清关→卡车→海外仓,2025-03-06,2025-04-28,2025-05-04,已入库,COSCO
TRKPO000444,PO000444,SKU00040,WH03,中国港口→鹿特丹港→欧盟清关→卡车→海外仓,2025-04-21,2025-06-10,2025-06-13,已入库,ONE
TRKPO000445,PO000445,SKU00040,WH05,中国港口→横滨港→日本清关→卡车→海外仓,2025-05-30,2025-07-22,,已到达目的港,MSC
TRKPO000446,PO000446,SKU00040,WH03,中国港口→鹿特丹港→欧盟清关→卡车→海外仓,2025-06-30,2025-09-05,2025-09-12,已入库,Evergreen
TRKPO000447,PO000447,SKU00040,WH06,中国港口→新加坡港→东盟清关→卡车→海外仓,2025-08-10,2025-09-19,2025-09-20,已入库,ONE
TRKPO000448,PO000448,SKU00040,WH02,中国港口→洛杉矶港→美国清关→卡车→海外仓,2025-10-01,2025-11-07,,已到达目的港,ONE
TRKPO000449,PO000449,SKU00040,WH01,中国港口→洛杉矶港→美国清关→卡车→海外仓,2025-10-27,2025-12-04,,已到达目的港,Evergreen
TRKPO000451,PO000451,SKU00040,WH05,中国港口→横滨港→日本清关→卡车→海外仓,2025-12-24,2026-02-21,,已到达目的港,Maersk
TRKPO000452,PO000452,SKU00041,WH03,中国港口→鹿特丹港→欧盟清关→卡车→海外仓,2024-12-10,2025-03-03,2025-03-10,已入库,MSC
TRKPO000453,PO000453,SKU00041,WH03,中国港口→鹿特丹港→欧盟清关→卡车→海外仓,2025-02-01,2025-04-08,2025-04-12,已入库,COSCO
TRKPO000454,PO000454,SKU00041,WH06,中国港口→新加坡港→东盟清关→卡车→海外仓,2025-02-27,2025-05-12,2025-05-08,已入库,ONE
TRKPO000455,PO000455,SKU00041,WH06,中国港口→新加坡港→东盟清关→卡车→海外仓,2025-03-30,2025-06-25,2025-06-30,已入库,Evergreen
TRKPO000456,PO000456,SKU00041,WH02,中国港口→洛杉矶港→美国清关→卡车→海外仓,2025-05-23,2025-08-03,2025-08-02,已入库,ONE
TRKPO000457,PO000457,SKU00041,WH04,中国港口→费利克斯托港→英国清关→卡车→海外仓,2025-07-12,2025-09-28,2025-10-10,已入库,Maersk
TRKPO000458,PO000458,SKU00041,WH05,中国港口→横滨港→日本清关→卡车→海外仓,2025-08-12,2025-10-31,2025-11-01,已入库,COSCO
TRKPO000461,PO000461,SKU00041,WH06,中国港口→新加坡港→东盟清关→卡车→海外仓,2025-12-02,2026-02-18,,已到达目的港,ONE
TRKPO000462,PO000462,SKU00042,WH01,中国港口→洛杉矶港→美国清关→卡车→海外仓,2025-06-01,2025-08-31,2025-09-04,已入库,ONE
TRKPO000463,PO000463,SKU00042,WH02,中国港口→洛杉矶港→美国清关→卡车→海外仓,2025-07-21,2025-10-07,2025-10-12,已入库,MSC
TRKPO000464,PO000464,SKU00042,WH04,中国港口→费利克斯托港→英国清关→卡车→海外仓,2025-09-04,2025-11-19,,运输中,COSCO
TRKPO000467,PO000467,SKU00043,WH01,中国港口→洛杉矶港→美国清关→卡车→海外仓,2024-01-01,2024-03-05,2024-03-17,已入库,ONE
TRKPO000468,PO000468,SKU00043,WH06,中国港口→新加坡港→东盟清关→卡车→海外仓,2024-02-18,2024-04-15,2024-04-18,已入库,MSC
TRKPO000469,PO000469,SKU00043,WH03,中国港口→鹿特丹港→欧盟清关→卡车→海外仓,2024-04-03,2024-06-02,2024-06-06,已入库,Evergreen
TRKPO000470,PO000470,SKU00043,WH03,中国港口→鹿特丹港→欧盟清关→卡车→海外仓,2024-05-25,2024-08-05,2024-08-16,已入库,COSCO
TRKPO000471,PO000471,SKU00043,WH01,中国港口→洛杉矶港→美国清关→卡车→海外仓,2024-07-07,2024-09-20,2024-09-16,已入库,Maersk
TRKPO000472,PO000472,SKU00043,WH02,中国港口→洛杉矶港→美国清关→卡车→海外仓,2024-08-28,2024-11-12,2024-11-15,已入库,ONE
TRKPO000473,PO000473,SKU00043,WH03,中国港口→鹿特丹港→欧盟清关→卡车→海外仓,2024-10-19,2025-01-06,2025-01-12,已入库,COSCO
TRKPO000474,PO000474,SKU00043,WH02,中国港口→洛杉矶港→美国清关→卡车→海外仓,2024-12-10,2025-02-02,2025-01-29,已入库,COSCO
TRKPO000475,PO000475,SKU00043,WH03,中国港口→鹿特丹港→欧盟清关→卡车→海外仓,2025-01-22,2025-03-18,2025-03-27,已入库,Maersk
TRKPO000476,PO000476,SKU00043,WH06,中国港口→新加坡港→东盟清关→卡车→海外仓,2025-02-21,2025-05-09,2025-05-04,已入库,Evergreen
TRKPO000477,PO000477,SKU00043,WH02,中国港口→洛杉矶港→美国清关→卡车→海外仓,2025-03-19,2025-06-01,2025-06-06,已入库,MSC
TRKPO000478,PO000478,SKU00043,WH02,中国港口→洛杉矶港→美国清关→卡车→海外仓,2025-05-07,2025-07-23,2025-08-04,已入库,ONE
TRKPO000479,PO000479,SKU00043,WH04,中国港口→费利克斯托港→英国清关→卡车→海外仓,2025-06-21,2025-08-31,,运输中,Maersk
TRKPO000480,PO000480,SKU00043,WH05,中国港口→横滨港→日本清关→卡车→海外仓,2025-07-22,2025-09-06,2025-09-10,已入库,Maersk
TRKPO000482,PO000482,SKU00043,WH01,中国港口→洛杉矶港→美国清关→卡车→海外仓,2025-10-16,2025-12-11,,已到达目的港,ONE
TRKPO000483,PO000483,SKU00043,WH04,中国港口→费利克斯托港→英国清关→卡车→海外仓,2025-12-03,2026-02-20,,已到达目的港,MSC
TRKPO000484,PO000484,SKU00044,WH02,中国港口→洛杉矶港→美国清关→卡车→海外仓,2024-07-29,2024-10-12,2024-10-19,已入库,ONE
TRKPO000485,PO000485,SKU00044,WH02,中国港口→洛杉矶港→美国清关→卡车→海外仓,2024-09-21,2024-11-24,2024-11-26,已入库,COSCO
TRKPO000486,PO000486,SKU00044,WH05,中国港口→横滨港→日本清关→卡车→海外仓,2024-10-20,2024-12-23,2024-12-28,已入库,ONE
TRKPO000487,PO000487,SKU00044,WH04,中国港口→费利克斯托港→英国清关→卡车→海外仓,2024-11-17,2025-01-21,2025-01-22,已入库,Maersk
TRKPO000488,PO000488,SKU00044,WH05,中国港口→横滨港→日本清关→卡车→海外仓,2024-12-20,2025-02-24,2025-03-05,已入库,COSCO
TRKPO000489,PO000489,SKU00044,WH01,中国港口→洛杉矶港→美国清关→卡车→海外仓,2025-02-04,2025-04-09,2025-04-08,已入库,Evergreen
TRKPO000490,PO000490,SKU00044,WH05,中国港口→横滨港→日本清关→卡车→海外仓,2025-03-14,2025-06-09,2025-06-17,已入库,COSCO
TRKPO000491,PO000491,SKU00044,WH03,中国港口→鹿特丹港→欧盟清关→卡车→海外仓,2025-04-30,2025-07-15,2025-07-12,已入库,COSCO
TRKPO000492,PO000492,SKU00044,WH04,中国港口→费利克斯托港→英国清关→卡车→海外仓,2025-05-28,2025-08-16,2025-08-24,已入库,MSC
TRKPO000493,PO000493,SKU00044,WH01,中国港口→洛杉矶港→美国清关→卡车→海外仓,2025-06-25,2025-09-03,2025-09-13,已入库,MSC
TRKPO000494,PO000494,SKU00044,WH02,中国港口→洛杉矶港→美国清关→卡车→海外仓,2025-08-08,2025-10-26,2025-11-04,已入库,COSCO
TRKPO000495,PO000495,SKU00044,WH05,中国港口→横滨港→日本清关→卡车→海外仓,2025-09-15,2025-11-27,,清关中,ONE
TRKPO000496,PO000496,SKU00044,WH01,中国港口→洛杉矶港→美国清关→卡车→海外仓,2025-11-08,2026-01-31,,清关中,ONE
TRKPO000497,PO000497,SKU00044,WH05,中国港口→横滨港→日本清关→卡车→海外仓,2025-12-06,2026-02-16,,已到达目的港,ONE
TRKPO000498,PO000498,SKU00045,WH03,中国港口→鹿特丹港→欧盟清关→卡车→海外仓,2024-02-22,2024-04-22,2024-04-29,已入库,Maersk
TRKPO000499,PO000499,SKU00045,WH01,中国港口→洛杉矶港→美国清关→卡车→海外仓,2024-03-19,2024-04-30,2024-05-10,已入库,Evergreen
TRKPO000500,PO000500,SKU00045,WH06,中国港口→新加坡港→东盟清关→卡车→海外仓,2024-04-24,2024-06-21,2024-06-30,已入库,Evergreen
TRKPO000501,PO000501,SKU00045,WH02,中国港口→洛杉矶港→美国清关→卡车→海外仓,2024-06-15,2024-07-16,2024-07-24,已入库,MSC
TRKPO000502,PO000502,SKU00045,WH04,中国港口→费利克斯托港→英国清关→卡车→海外仓,2024-07-15,2024-09-06,2024-09-05,已入库,ONE
TRKPO000503,PO000503,SKU00045,WH03,中国港口→鹿特丹港→欧盟清关→卡车→海外仓,2024-08-17,2024-10-10,2024-10-09,已入库,Evergreen
TRKPO000504,PO000504,SKU00045,WH03,中国港口→鹿特丹港→欧盟清关→卡车→海外仓,2024-09-23,2024-11-22,2024-12-01,已入库,MSC
TRKPO000505,PO000505,SKU00045,WH06,中国港口→新加坡港→东盟清关→卡车→海外仓,2024-11-09,2025-01-05,2025-01-16,已入库,ONE
TRKPO000506,PO000506,SKU00045,WH06,中国港口→新加坡港→东盟清关→卡车→海外仓,2024-12-09,2025-01-17,2025-01-15,已入库,MSC
TRKPO000507,PO000507,SKU00045,WH04,中国港口→费利克斯托港→英国清关→卡车→海外仓,2025-02-02,2025-03-11,2025-03-20,已入库,Evergreen
TRKPO000508,PO000508,SKU00045,WH05,中国港口→横滨港→日本清关→卡车→海外仓,2025-03-14,2025-04-25,2025-04-21,已入库,MSC
TRKPO000509,PO000509,SKU00045,WH04,中国港口→费利克斯托港→英国清关→卡车→海外仓,2025-04-19,2025-05-28,,已到达目的港,Maersk
TRKPO000510,PO000510,SKU00045,WH01,中国港口→洛杉矶港→美国清关→卡车→海外仓,2025-05-15,2025-07-01,2025-06-29,已入库,ONE
TRKPO000511,PO000511,SKU00045,WH04,中国港口→费利克斯托港→英国清关→卡车→海外仓,2025-07-03,2025-08-24,2025-09-01,已入库,COSCO
TRKPO000512,PO000512,SKU00045,WH06,中国港口→新加坡港→东盟清关→卡车→海外仓,2025-08-04,2025-09-26,2025-09-24,已入库,Maersk
TRKPO000513,PO000513,SKU00045,WH06,中国港口→新加坡港→东盟清关→卡车→海外仓,2025-09-02,2025-10-06,,已到达目的港,Maersk
TRKPO000514,PO000514,SKU00045,WH04,中国港口→费利克斯托港→英国清关→卡车→海外仓,2025-10-12,2025-11-22,,运输中,ONE
TRKPO000515,PO000515,SKU00045,WH05,中国港口→横滨港→日本清关→卡车→海外仓,2025-11-14,2026-01-16,,运输中,COSCO
TRKPO000516,PO000516,SKU00045,WH05,中国港口→横滨港→日本清关→卡车→海外仓,2025-12-16,2026-02-14,,清关中,Maersk
TRKPO000517,PO000517,SKU00046,WH01,中国港口→洛杉矶港→美国清关→卡车→海外仓,2025-05-30,2025-08-04,2025-08-10,已入库,Maersk
TRKPO000518,PO000518,SKU00046,WH05,中国港口→横滨港→日本清关→卡车→海外仓,2025-06-25,2025-07-30,2025-08-03,已入库,Evergreen
TRKPO000519,PO000519,SKU00046,WH02,中国港口→洛杉矶港→美国清关→卡车→海外仓,2025-08-09,2025-10-15,2025-10-10,已入库,MSC
TRKPO000520,PO000520,SKU00046,WH02,中国港口→洛杉矶港→美国清关→卡车→海外仓,2025-09-17,2025-11-14,,运输中,ONE
TRKPO000522,PO000522,SKU00046,WH06,中国港口→新加坡港→东盟清关→卡车→海外仓,2025-12-07,2026-02-01,,清关中,COSCO
TRKPO000523,PO000523,SKU00047,WH04,中国港口→费利克斯托港→英国清关→卡车→海外仓,2025-10-06,2025-11-20,,清关中,Maersk
TRKPO000524,PO000524,SKU00047,WH05,中国港口→横滨港→日本清关→卡车→海外仓,2025-11-23,2026-01-11,,运输中,MSC
TRKPO000525,PO000525,SKU00048,WH06,中国港口→新加坡港→东盟清关→卡车→海外仓,2025-05-23,2025-07-31,2025-08-10,已入库,COSCO
TRKPO000526,PO000526,SKU00048,WH04,中国港口→费利克斯托港→英国清关→卡车→海外仓,2025-07-11,2025-08-22,2025-08-20,已入库,ONE
TRKPO000527,PO000527,SKU00048,WH01,中国港口→洛杉矶港→美国清关→卡车→海外仓,2025-08-23,2025-10-10,2025-10-16,已入库,COSCO
TRKPO000529,PO000529,SKU00048,WH06,中国港口→新加坡港→东盟清关→卡车→海外仓,2025-12-06,2026-01-21,,运输中,Evergreen
TRKPO000530,PO000530,SKU00049,WH04,中国港口→费利克斯托港→英国清关→卡车→海外仓,2025-06-04,2025-08-04,2025-08-14,已入库,ONE
TRKPO000531,PO000531,SKU00049,WH05,中国港口→横滨港→日本清关→卡车→海外仓,2025-07-13,2025-09-05,2025-09-09,已入库,ONE
TRKPO000532,PO000532,SKU00049,WH06,中国港口→新加坡港→东盟清关→卡车→海外仓,2025-08-16,2025-10-21,2025-10-30,已入库,Maersk
TRKPO000533,PO000533,SKU00049,WH05,中国港口→横滨港→日本清关→卡车→海外仓,2025-09-30,2025-11-27,,清关中,Evergreen
TRKPO000536,PO000536,SKU00050,WH04,中国港口→费利克斯托港→英国清关→卡车→海外仓,2024-12-31,2025-03-14,2025-03-13,已入库,MSC
TRKPO000537,PO000537,SKU00050,WH04,中国港口→费利克斯托港→英国清关→卡车→海外仓,2025-02-10,2025-04-07,2025-04-18,已入库,Evergreen
TRKPO000538,PO000538,SKU00050,WH02,中国港口→洛杉矶港→美国清关→卡车→海外仓,2025-03-28,2025-06-03,2025-06-12,已入库,Evergreen
TRKPO000539,PO000539,SKU00050,WH05,中国港口→横滨港→日本清关→卡车→海外仓,2025-04-26,2025-07-08,2025-07-07,已入库,Maersk
TRKPO000540,PO000540,SKU00050,WH06,中国港口→新加坡港→东盟清关→卡车→海外仓,2025-06-16,2025-08-16,2025-08-13,已入库,ONE
TRKPO000541,PO000541,SKU00050,WH03,中国港口→鹿特丹港→欧盟清关→卡车→海外仓,2025-07-23,2025-10-18,2025-10-26,已入库,Evergreen
TRKPO000542,PO000542,SKU00050,WH06,中国港口→新加坡港→东盟清关→卡车→海外仓,2025-08-18,2025-11-05,,运输中,Evergreen
TRKPO000545,PO000545,SKU00050,WH06,中国港口→新加坡港→东盟清关→卡车→海外仓,2025-12-14,2026-02-18,,清关中,ONE
TRKPO000546,PO000546,SKU00051,WH02,中国港口→洛杉矶港→美国清关→卡车→海外仓,2025-05-16,2025-07-13,2025-07-09,已入库,Evergreen
TRKPO000547,PO000547,SKU00051,WH06,中国港口→新加坡港→东盟清关→卡车→海外仓,2025-06-18,2025-08-20,,已到达目的港,Maersk
TRKPO000548,PO000548,SKU00051,WH05,中国港口→横滨港→日本清关→卡车→海外仓,2025-08-11,2025-09-25,2025-09-22,已入库,MSC
TRKPO000549,PO000549,SKU00051,WH06,中国港口→新加坡港→东盟清关→卡车→海外仓,2025-09-14,2025-11-17,,已到达目的港,COSCO
TRKPO000551,PO000551,SKU00051,WH06,中国港口→新加坡港→东盟清关→卡车→海外仓,2025-11-10,2026-01-05,,已到达目的港,Maersk
TRKPO000553,PO000553,SKU00052,WH06,中国港口→新加坡港→东盟清关→卡车→海外仓,2024-07-22,2024-08-21,2024-09-02,已入库,COSCO
TRKPO000554,PO000554,SKU00052,WH03,中国港口→鹿特丹港→欧盟清关→卡车→海外仓,2024-08-28,2024-10-19,2024-10-31,已入库,COSCO
TRKPO000555,PO000555,SKU00052,WH03,中国港口→鹿特丹港→欧盟清关→卡车→海外仓,2024-10-01,2024-12-01,2024-12-02,已入库,ONE
TRKPO000556,PO000556,SKU00052,WH01,中国港口→洛杉矶港→美国清关→卡车→海外仓,2024-11-11,2025-01-09,2025-01-21,已入库,ONE
TRKPO000557,PO000557,SKU00052,WH05,中国港口→横滨港→日本清关→卡车→海外仓,2024-12-26,2025-02-12,2025-02-08,已入库,ONE
TRKPO000558,PO000558,SKU00052,WH06,中国港口→新加坡港→东盟清关→卡车→海外仓,2025-01-23,2025-02-20,2025-03-03,已入库,MSC
TRKPO000559,PO000559,SKU00052,WH02,中国港口→洛杉矶港→美国清关→卡车→海外仓,2025-03-10,2025-05-04,2025-05-14,已入库,ONE
TRKPO000560,PO000560,SKU00052,WH01,中国港口→洛杉矶港→美国清关→卡车→海外仓,2025-04-26,2025-05-28,2025-05-23,已入库,COSCO
TRKPO000561,PO000561,SKU00052,WH01,中国港口→洛杉矶港→美国清关→卡车→海外仓,2025-05-31,2025-07-03,2025-07-15,已入库,MSC
TRKPO000562,PO000562,SKU00052,WH03,中国港口→鹿特丹港→欧盟清关→卡车→海外仓,2025-07-03,2025-08-04,2025-07-30,已入库,Maersk
TRKPO000563,PO000563,SKU00052,WH01,中国港口→洛杉矶港→美国清关→卡车→海外仓,2025-08-11,2025-10-05,2025-10-06,已入库,MSC
TRKPO000564,PO000564,SKU00052,WH01,中国港口→洛杉矶港→美国清关→卡车→海外仓,2025-09-05,2025-10-05,2025-10-14,已入库,COSCO
TRKPO000566,PO000566,SKU00052,WH06,中国港口→新加坡港→东盟清关→卡车→海外仓,2025-12-09,2026-01-30,,已到达目的港,ONE
TRKPO000567,PO000567,SKU00053,WH02,中国港口→洛杉矶港→美国清关→卡车→海外仓,2025-08-01,2025-10-22,2025-10-27,已入库,Evergreen
TRKPO000569,PO000569,SKU00053,WH02,中国港口→洛杉矶港→美国清关→卡车→海外仓,2025-11-05,2026-01-13,,已到达目的港,COSCO
TRKPO000571,PO000571,SKU00054,WH02,中国港口→洛杉矶港→美国清关→卡车→海外仓,2024-07-16,2024-09-28,2024-10-08,已入库,COSCO
TRKPO000572,PO000572,SKU00054,WH06,中国港口→新加坡港→东盟清关→卡车→海外仓,2024-08-28,2024-12-02,2024-12-07,已入库,Evergreen
TRKPO000573,PO000573,SKU00054,WH01,中国港口→洛杉矶港→美国清关→卡车→海外仓,2024-10-01,2024-12-23,2024-12-23,已入库,Evergreen
TRKPO000574,PO000574,SKU00054,WH03,中国港口→鹿特丹港→欧盟清关→卡车→海外仓,2024-11-13,2025-02-09,2025-02-04,已入库,ONE
TRKPO000575,PO000575,SKU00054,WH03,中国港口→鹿特丹港→欧盟清关→卡车→海外仓,2024-12-28,2025-03-11,2025-03-16,已入库,Evergreen
TRKPO000576,PO000576,SKU00054,WH04,中国港口→费利克斯托港→英国清关→卡车→海外仓,2025-02-19,2025-05-17,,清关中,COSCO
TRKPO000577,PO000577,SKU00054,WH04,中国港口→费利克斯托港→英国清关→卡车→海外仓,2025-04-07,2025-07-06,2025-07-04,已入库,COSCO
TRKPO000578,PO000578,SKU00054,WH03,中国港口→鹿特丹港→欧盟清关→卡车→海外仓,2025-05-27,2025-08-29,2025-09-10,已入库,MSC
TRKPO000579,PO000579,SKU00054,WH03,中国港口→鹿特丹港→欧盟清关→卡车→海外仓,2025-07-19,2025-10-23,2025-10-27,已入库,MSC
TRKPO000580,PO000580,SKU00054,WH02,中国港口→洛杉矶港→美国清关→卡车→海外仓,2025-08-16,2025-10-27,2025-10-27,已入库,Maersk
TRKPO000581,PO000581,SKU00054,WH05,中国港口→横滨港→日本清关→卡车→海外仓,2025-10-03,2025-12-13,,运输中,MSC
TRKPO000582,PO000582,SKU00054,WH05,中国港口→横滨港→日本清关→卡车→海外仓,2025-11-15,2026-02-03,,清关中,Evergreen
TRKPO000583,PO000583,SKU00054,WH04,中国港口→费利克斯托港→英国清关→卡车→海外仓,2025-12-27,2026-03-13,,已到达目的港,MSC
TRKPO000584,PO000584,SKU00055,WH05,中国港口→横滨港→日本清关→卡车→海外仓,2024-02-01,2024-03-30,2024-03-26,已入库,ONE
TRKPO000585,PO000585,SKU00055,WH01,中国港口→洛杉矶港→美国清关→卡车→海外仓,2024-03-09,2024-05-09,2024-05-14,已入库,MSC
TRKPO000586,PO000586,SKU00055,WH02,中国港口→洛杉矶港→美国清关→卡车→海外仓,2024-04-30,2024-06-30,2024-06-25,已入库,COSCO
TRKPO000587,PO000587,SKU00055,WH03,中国港口→鹿特丹港→欧盟清关→卡车→海外仓,2024-05-30,2024-07-28,2024-08-01,已入库,Evergreen
TRKPO000588,PO000588,SKU00055,WH01,中国港口→洛杉矶港→美国清关→卡车→海外仓,2024-07-18,2024-08-30,2024-08-28,已入库,Maersk
TRKPO000589,PO000589,SKU00055,WH05,中国港口→横滨港→日本清关→卡车→海外仓,2024-08-19,2024-09-30,2024-09-29,已入库,Evergreen
TRKPO000590,PO000590,SKU00055,WH04,中国港口→费利克斯托港→英国清关→卡车→海外仓,2024-09-24,2024-11-22,2024-11-27,已入库,Maersk
TRKPO000591,PO000591,SKU00055,WH06,中国港口→新加坡港→东盟清关→卡车→海外仓,2024-10-20,2024-11-24,2024-12-01,已入库,COSCO
TRKPO000592,PO000592,SKU00055,WH05,中国港口→横滨港→日本清关→卡车→海外仓,2024-12-04,2025-01-18,2025-01-14,已入库,MSC
TRKPO000593,PO000593,SKU00055,WH03,中国港口→鹿特丹港→欧盟清关→卡车→海外仓,2025-01-03,2025-02-25,2025-02-27,已入库,ONE
TRKPO000594,PO000594,SKU00055,WH03,中国港口→鹿特丹港→欧盟清关→卡车→海外仓,2025-02-25,2025-04-28,2025-04-30,已入库,Evergreen
TRKPO000595,PO000595,SKU00055,WH03,中国港口→鹿特丹港→欧盟清关→卡车→海外仓,2025-04-20,2025-06-21,,已到达目的港,ONE
TRKPO000596,PO000596,SKU00055,WH04,中国港口→费利克斯托港→英国清关→卡车→海外仓,2025-06-09,2025-07-08,2025-07-15,已入库,COSCO
TRKPO000597,PO000597,SKU00055,WH02,中国港口→洛杉矶港→美国清关→卡车→海外仓,2025-07-06,2025-08-21,2025-08-24,已入库,COSCO
TRKPO000598,PO000598,SKU00055,WH03,中国港口→鹿特丹港→欧盟清关→卡车→海外仓,2025-08-11,2025-09-23,2025-09-28,已入库,Evergreen
TRKPO000601,PO000601,SKU00055,WH03,中国港口→鹿特丹港→欧盟清关→卡车→海外仓,2025-11-17,2025-12-19,,已到达目的港,Evergreen
TRKPO000602,PO000602,SKU00055,WH02,中国港口→洛杉矶港→美国清关→卡车→海外仓,2025-12-24,2026-02-09,,运输中,Evergreen
TRKPO000603,PO000603,SKU00056,WH04,中国港口→费利克斯托港→英国清关→卡车→海外仓,2024-10-30,2024-12-27,2024-12-22,已入库,Evergreen
TRKPO000604,PO000604,SKU00056,WH03,中国港口→鹿特丹港→欧盟清关→卡车→海外仓,2024-12-19,2025-03-05,2025-03-07,已入库,COSCO
TRKPO000605,PO000605,SKU00056,WH05,中国港口→横滨港→日本清关→卡车→海外仓,2025-02-03,2025-04-17,2025-04-20,已入库,ONE
TRKPO000606,PO000606,SKU00056,WH01,中国港口→洛杉矶港→美国清关→卡车→海外仓,2025-03-07,2025-05-14,2025-05-12,已入库,MSC
TRKPO000607,PO000607,SKU00056,WH05,中国港口→横滨港→日本清关→卡车→海外仓,2025-04-17,2025-06-26,2025-07-08,已入库,MSC
TRKPO000608,PO000608,SKU00056,WH01,中国港口→洛杉矶港→美国清关→卡车→海外仓,2025-05-27,2025-08-11,2025-08-15,已入库,ONE
TRKPO000609,PO000609,SKU00056,WH05,中国港口→横滨港→日本清关→卡车→海外仓,2025-06-25,2025-08-08,,清关中,Evergreen
TRKPO000610,PO000610,SKU00056,WH04,中国港口→费利克斯托港→英国清关→卡车→海外仓,2025-08-11,2025-10-21,,运输中,ONE
TRKPO000611,PO000611,SKU00056,WH03,中国港口→鹿特丹港→欧盟清关→卡车→海外仓,2025-09-23,2025-12-03,,运输中,MSC
TRKPO000613,PO000613,SKU00056,WH05,中国港口→横滨港→日本清关→卡车→海外仓,2025-12-31,2026-03-18,,清关中,ONE
TRKPO000614,PO000614,SKU00057,WH01,中国港口→洛杉矶港→美国清关→卡车→海外仓,2025-10-02,2025-12-28,,运输中,MSC
TRKPO000617,PO000617,SKU00058,WH05,中国港口→横滨港→日本清关→卡车→海外仓,2024-04-10,2024-06-10,2024-06-22,已入库,Evergreen
TRKPO000618,PO000618,SKU00058,WH06,中国港口→新加坡港→东盟清关→卡车→海外仓,2024-05-27,2024-07-16,2024-07-28,已入库,Evergreen
TRKPO000619,PO000619,SKU00058,WH01,中国港口→洛杉矶港→美国清关→卡车→海外仓,2024-06-28,2024-08-19,2024-08-15,已入库,COSCO
TRKPO000620,PO000620,SKU00058,WH02,中国港口→洛杉矶港→美国清关→卡车→海外仓,2024-08-04,2024-09-18,2024-09-27,已入库,ONE
TRKPO000621,PO000621,SKU00058,WH02,中国港口→洛杉矶港→美国清关→卡车→海外仓,2024-09-18,2024-11-04,2024-11-08,已入库,MSC
TRKPO000622,PO000622,SKU00058,WH01,中国港口→洛杉矶港→美国清关→卡车→海外仓,2024-11-01,2024-12-18,2024-12-13,已入库,COSCO
TRKPO000623,PO000623,SKU00058,WH06,中国港口→新加坡港→东盟清关→卡车→海外仓,2024-12-07,2025-01-20,2025-01-30,已入库,Maersk
TRKPO000624,PO000624,SKU00058,WH06,中国港口→新加坡港→东盟清关→卡车→海外仓,2025-01-13,2025-03-14,2025-03-17,已入库,Evergreen
TRKPO000625,PO000625,SKU00058,WH04,中国港口→费利克斯托港→英国清关→卡车→海外仓,2025-02-08,2025-04-22,2025-04-28,已入库,MSC
TRKPO000626,PO000626,SKU00058,WH01,中国港口→洛杉矶港→美国清关→卡车→海外仓,2025-04-01,2025-05-31,2025-06-11,已入库,Maersk
TRKPO000627,PO000627,SKU00058,WH06,中国港口→新加坡港→东盟清关→卡车→海外仓,2025-05-12,2025-07-07,2025-07-03,已入库,MSC
TRKPO000628,PO000628,SKU00058,WH03,中国港口→鹿特丹港→欧盟清关→卡车→海外仓,2025-06-13,2025-08-04,2025-08-16,已入库,ONE
TRKPO000629,PO000629,SKU00058,WH02,中国港口→洛杉矶港→美国清关→卡车→海外仓,2025-07-19,2025-09-24,2025-09-21,已入库,Maersk
TRKPO000630,PO000630,SKU00058,WH03,中国港口→鹿特丹港→欧盟清关→卡车→海外仓,2025-09-05,2025-10-22,2025-10-19,已入库,Evergreen
TRKPO000631,PO000631,SKU00058,WH02,中国港口→洛杉矶港→美国清关→卡车→海外仓,2025-10-17,2025-12-20,,已到达目的港,COSCO
TRKPO000632,PO000632,SKU00058,WH02,中国港口→洛杉矶港→美国清关→卡车→海外仓,2025-12-10,2026-01-21,,运输中,ONE
TRKPO000633,PO000633,SKU00059,WH05,中国港口→横滨港→日本清关→卡车→海外仓,2025-03-24,2025-05-17,2025-05-20,已入库,Evergreen
TRKPO000634,PO000634,SKU00059,WH04,中国港口→费利克斯托港→英国清关→卡车→海外仓,2025-05-16,2025-07-04,,运输中,ONE
TRKPO000635,PO000635,SKU00059,WH04,中国港口→费利克斯托港→英国清关→卡车→海外仓,2025-07-04,2025-09-04,2025-09-15,已入库,Maersk
TRKPO000636,PO000636,SKU00059,WH03,中国港口→鹿特丹港→欧盟清关→卡车→海外仓,2025-08-25,2025-10-27,,已到达目的港,Maersk
TRKPO000637,PO000637,SKU00059,WH03,中国港口→鹿特丹港→欧盟清关→卡车→海外仓,2025-09-26,2025-11-18,,已到达目的港,Maersk
TRKPO000638,PO000638,SKU00059,WH01,中国港口→洛杉矶港→美国清关→卡车→海外仓,2025-11-16,2026-01-03,,已到达目的港,Evergreen
TRKPO000639,PO000639,SKU00059,WH03,中国港口→鹿特丹港→欧盟清关→卡车→海外仓,2025-12-21,2026-02-03,,清关中,MSC
TRKPO000640,PO000640,SKU00060,WH06,中国港口→新加坡港→东盟清关→卡车→海外仓,2024-03-15,2024-06-03,2024-06-08,已入库,Maersk
TRKPO000641,PO000641,SKU00060,WH02,中国港口→洛杉矶港→美国清关→卡车→海外仓,2024-05-02,2024-07-06,2024-07-07,已入库,Evergreen
TRKPO000642,PO000642,SKU00060,WH02,中国港口→洛杉矶港→美国清关→卡车→海外仓,2024-06-22,2024-09-01,2024-09-06,已入库,COSCO
TRKPO000643,PO000643,SKU00060,WH05,中国港口→横滨港→日本清关→卡车→海外仓,2024-07-20,2024-10-08,2024-10-07,已入库,COSCO
TRKPO000644,PO000644,SKU00060,WH04,中国港口→费利克斯托港→英国清关→卡车→海外仓,2024-09-10,2024-10-31,2024-11-10,已入库,COSCO
TRKPO000645,PO000645,SKU00060,WH04,中国港口→费利克斯托港→英国清关→卡车→海外仓,2024-10-15,2024-12-20,2024-12-15,已入库,MSC
TRKPO000646,PO000646,SKU00060,WH04,中国港口→费利克斯托港→英国清关→卡车→海外仓,2024-12-03,2025-02-07,2025-02-15,已入库,ONE
TRKPO000647,PO000647,SKU00060,WH05,中国港口→横滨港→日本清关→卡车→海外仓,2025-01-15,2025-03-08,2025-03-18,已入库,Evergreen
TRKPO000648,PO000648,SKU00060,WH05,中国港口→横滨港→日本清关→卡车→海外仓,2025-02-24,2025-04-16,2025-04-28,已入库,COSCO
TRKPO000649,PO000649,SKU00060,WH06,中国港口→新加坡港→东盟清关→卡车→海外仓,2025-04-17,2025-07-04,2025-07-01,已入库,ONE
TRKPO000650,PO000650,SKU00060,WH04,中国港口→费利克斯托港→英国清关→卡车→海外仓,2025-05-22,2025-07-10,2025-07-05,已入库,Evergreen
TRKPO000651,PO000651,SKU00060,WH05,中国港口→横滨港→日本清关→卡车→海外仓,2025-06-26,2025-08-30,2025-08-28,已入库,Maersk
TRKPO000652,PO000652,SKU00060,WH02,中国港口→洛杉矶港→美国清关→卡车→海外仓,2025-07-29,2025-10-07,2025-10-14,已入库,ONE
TRKPO000653,PO000653,SKU00060,WH03,中国港口→鹿特丹港→欧盟清关→卡车→海外仓,2025-09-14,2025-11-25,,清关中,Evergreen
TRKPO000655,PO000655,SKU00060,WH06,中国港口→新加坡港→东盟清关→卡车→海外仓,2025-12-18,2026-02-17,,运输中,COSCO
TRKPO000656,PO000656,SKU00061,WH06,中国港口→新加坡港→东盟清关→卡车→海外仓,2025-02-04,2025-03-14,2025-03-12,已入库,Evergreen
TRKPO000657,PO000657,SKU00061,WH03,中国港口→鹿特丹港→欧盟清关→卡车→海外仓,2025-03-24,2025-05-24,2025-05-30,已入库,MSC
TRKPO000658,PO000658,SKU00061,WH02,中国港口→洛杉矶港→美国清关→卡车→海外仓,2025-04-30,2025-06-09,2025-06-18,已入库,COSCO
TRKPO000659,PO000659,SKU00061,WH03,中国港口→鹿特丹港→欧盟清关→卡车→海外仓,2025-06-09,2025-08-06,2025-08-08,已入库,COSCO
TRKPO000660,PO000660,SKU00061,WH04,中国港口→费利克斯托港→英国清关→卡车→海外仓,2025-08-02,2025-09-23,,清关中,Maersk
TRKPO000661,PO000661,SKU00061,WH03,中国港口→鹿特丹港→欧盟清关→卡车→海外仓,2025-09-26,2025-11-06,,运输中,COSCO
TRKPO000662,PO000662,SKU00061,WH05,中国港口→横滨港→日本清关→卡车→海外仓,2025-11-14,2025-12-19,,已到达目的港,Maersk
TRKPO000663,PO000663,SKU00061,WH06,中国港口→新加坡港→东盟清关→卡车→海外仓,2025-12-13,2026-02-02,,已到达目的港,MSC
TRKPO000664,PO000664,SKU00062,WH02,中国港口→洛杉矶港→美国清关→卡车→海外仓,2025-10-29,2025-12-08,,运输中,Evergreen
TRKPO000665,PO000665,SKU00062,WH04,中国港口→费利克斯托港→英国清关→卡车→海外仓,2025-12-15,2026-02-08,,清关中,COSCO
TRKPO000666,PO000666,SKU00063,WH04,中国港口→费利克斯托港→英国清关→卡车→海外仓,2025-01-09,2025-03-11,2025-03-14,已入库,Evergreen
TRKPO000667,PO000667,SKU00063,WH06,中国港口→新加坡港→东盟清关→卡车→海外仓,2025-03-02,2025-04-12,2025-04-13,已入库,COSCO
TRKPO000668,PO000668,SKU00063,WH04,中国港口→费利克斯托港→英国清关→卡车→海外仓,2025-04-04,2025-05-20,2025-05-21,已入库,Evergreen
TRKPO000669,PO000669,SKU00063,WH04,中国港口→费利克斯托港→英国清关→卡车→海外仓,2025-05-01,2025-06-06,2025-06-04,已入库,Maersk
TRKPO000670,PO000670,SKU00063,WH01,中国港口→洛杉矶港→美国清关→卡车→海外仓,2025-05-28,2025-07-16,2025-07-27,已入库,Evergreen
TRKPO000671,PO000671,SKU00063,WH02,中国港口→洛杉矶港→美国清关→卡车→海外仓,2025-07-20,2025-09-10,,运输中,ONE
TRKPO000672,PO000672,SKU00063,WH01,中国港口→洛杉矶港→美国清关→卡车→海外仓,2025-08-18,2025-10-23,,运输中,ONE
TRKPO000673,PO000673,SKU00063,WH05,中国港口→横滨港→日本清关→卡车→海外仓,2025-10-11,2025-12-13,,已到达目的港,ONE
TRKPO000675,PO000675,SKU00064,WH06,中国港口→新加坡港→东盟清关→卡车→海外仓,2024-08-04,2024-11-06,2024-11-06,已入库,COSCO
TRKPO000676,PO000676,SKU00064,WH05,中国港口→横滨港→日本清关→卡车→海外仓,2024-09-07,2024-12-07,2024-12-06,已入库,COSCO
TRKPO000677,PO000677,SKU00064,WH03,中国港口→鹿特丹港→欧盟清关→卡车→海外仓,2024-10-04,2024-12-23,2024-12-22,已入库,Maersk
TRKPO000678,PO000678,SKU00064,WH01,中国港口→洛杉矶港→美国清关→卡车→海外仓,2024-11-02,2025-01-02,2025-01-04,已入库,ONE
TRKPO000679,PO000679,SKU00064,WH03,中国港口→鹿特丹港→欧盟清关→卡车→海外仓,2024-12-21,2025-03-14,2025-03-17,已入库,MSC
TRKPO000680,PO000680,SKU00064,WH03,中国港口→鹿特丹港→欧盟清关→卡车→海外仓,2025-01-15,2025-04-16,2025-04-11,已入库,ONE
TRKPO000681,PO000681,SKU00064,WH05,中国港口→横滨港→日本清关→卡车→海外仓,2025-02-22,2025-05-08,2025-05-11,已入库,ONE
TRKPO000682,PO000682,SKU00064,WH02,中国港口→洛杉矶港→美国清关→卡车→海外仓,2025-04-01,2025-06-28,,清关中,COSCO
TRKPO000683,PO000683,SKU00064,WH01,中国港口→洛杉矶港→美国清关→卡车→海外仓,2025-05-08,2025-07-22,2025-07-30,已入库,COSCO
TRKPO000684,PO000684,SKU00064,WH06,中国港口→新加坡港→东盟清关→卡车→海外仓,2025-06-26,2025-09-13,2025-09-18,已入库,Evergreen
TRKPO000685,PO000685,SKU00064,WH02,中国港口→洛杉矶港→美国清关→卡车→海外仓,2025-07-29,2025-10-10,,清关中,Maersk
TRKPO000687,PO000687,SKU00064,WH01,中国港口→洛杉矶港→美国清关→卡车→海外仓,2025-10-05,2025-12-06,,运输中,ONE
TRKPO000688,PO000688,SKU00064,WH02,中国港口→洛杉矶港→美国清关→卡车→海外仓,2025-11-13,2026-01-27,,清关中,Evergreen
TRKPO000689,PO000689,SKU00064,WH04,中国港口→费利克斯托港→英国清关→卡车→海外仓,2025-12-21,2026-03-23,,清关中,ONE
TRKPO000690,PO000690,SKU00065,WH03,中国港口→鹿特丹港→欧盟清关→卡车→海外仓,2025-02-19,2025-04-01,2025-03-28,已入库,MSC
TRKPO000691,PO000691,SKU00065,WH02,中国港口→洛杉矶港→美国清关→卡车→海外仓,2025-03-18,2025-05-25,2025-05-21,已入库,Maersk
TRKPO000692,PO000692,SKU00065,WH06,中国港口→新加坡港→东盟清关→卡车→海外仓,2025-04-20,2025-05-28,2025-06-05,已入库,ONE
TRKPO000693,PO000693,SKU00065,WH02,中国港口→洛杉矶港→美国清关→卡车→海外仓,2025-06-08,2025-07-31,2025-08-09,已入库,Maersk
TRKPO000694,PO000694,SKU00065,WH02,中国港口→洛杉矶港→美国清关→卡车→海外仓,2025-07-27,2025-10-06,2025-10-01,已入库,Evergreen
TRKPO000695,PO000695,SKU00065,WH06,中国港口→新加坡港→东盟清关→卡车→海外仓,2025-09-11,2025-11-08,,运输中,Maersk
TRKPO000696,PO000696,SKU00065,WH04,中国港口→费利克斯托港→英国清关→卡车→海外仓,2025-10-23,2025-12-07,,运输中,ONE
TRKPO000697,PO000697,SKU00065,WH02,中国港口→洛杉矶港→美国清关→卡车→海外仓,2025-12-15,2026-02-04,,运输中,MSC
TRKPO000698,PO000698,SKU00066,WH04,中国港口→费利克斯托港→英国清关→卡车→海外仓,2024-08-28,2024-10-05,2024-10-13,已入库,COSCO
TRKPO000699,PO000699,SKU00066,WH06,中国港口→新加坡港→东盟清关→卡车→海外仓,2024-09-22,2024-11-22,2024-11-24,已入库,MSC
TRKPO000700,PO000700,SKU00066,WH02,中国港口→洛杉矶港→美国清关→卡车→海外仓,2024-10-28,2024-12-13,2024-12-13,已入库,Maersk
TRKPO000701,PO000701,SKU00066,WH01,中国港口→洛杉矶港→美国清关→卡车→海外仓,2024-12-13,2025-01-16,2025-01-20,已入库,COSCO
TRKPO000702,PO000702,SKU00066,WH02,中国港口→洛杉矶港→美国清关→卡车→海外仓,2025-01-11,2025-02-17,2025-02-15,已入库,COSCO
TRKPO000703,PO000703,SKU00066,WH04,中国港口→费利克斯托港→英国清关→卡车→海外仓,2025-02-15,2025-04-09,2025-04-19,已入库,Evergreen
TRKPO000704,PO000704,SKU00066,WH03,中国港口→鹿特丹港→欧盟清关→卡车→海外仓,2025-03-12,2025-05-04,2025-04-29,已入库,ONE
TRKPO000705,PO000705,SKU00066,WH02,中国港口→洛杉矶港→美国清关→卡车→海外仓,2025-04-21,2025-06-09,,已到达目的港,Maersk
TRKPO000706,PO000706,SKU00066,WH01,中国港口→洛杉矶港→美国清关→卡车→海外仓,2025-05-26,2025-07-13,2025-07-16,已入库,MSC
TRKPO000707,PO000707,SKU00066,WH04,中国港口→费利克斯托港→英国清关→卡车→海外仓,2025-07-04,2025-08-20,2025-08-18,已入库,Evergreen
TRKPO000708,PO000708,SKU00066,WH03,中国港口→鹿特丹港→欧盟清关→卡车→海外仓,2025-08-10,2025-09-11,2025-09-13,已入库,Maersk
TRKPO000709,PO000709,SKU00066,WH05,中国港口→横滨港→日本清关→卡车→海外仓,2025-09-11,2025-10-16,2025-10-12,已入库,Maersk
TRKPO000711,PO000711,SKU00066,WH05,中国港口→横滨港→日本清关→卡车→海外仓,2025-11-26,2026-01-03,,已到达目的港,MSC
TRKPO000712,PO000712,SKU00067,WH02,中国港口→洛杉矶港→美国清关→卡车→海外仓,2025-03-05,2025-04-06,2025-04-03,已入库,ONE
TRKPO000713,PO000713,SKU00067,WH06,中国港口→新加坡港→东盟清关→卡车→海外仓,2025-04-05,2025-05-07,,已到达目的港,Evergreen
TRKPO000714,PO000714,SKU00067,WH02,中国港口→洛杉矶港→美国清关→卡车→海外仓,2025-05-18,2025-06-20,2025-06-18,已入库,Evergreen
TRKPO000715,PO000715,SKU00067,WH04,中国港口→费利克斯托港→英国清关→卡车→海外仓,2025-07-11,2025-09-10,,已到达目的港,COSCO
TRKPO000716,PO000716,SKU00067,WH01,中国港口→洛杉矶港→美国清关→卡车→海外仓,2025-08-22,2025-10-14,2025-10-11,已入库,COSCO
TRKPO000717,PO000717,SKU00067,WH01,中国港口→洛杉矶港→美国清关→卡车→海外仓,2025-09-24,2025-10-26,2025-10-22,已入库,Evergreen
TRKPO000718,PO000718,SKU00067,WH01,中国港口→洛杉矶港→美国清关→卡车→海外仓,2025-10-21,2025-12-23,,清关中,COSCO
TRKPO000721,PO000721,SKU00068,WH02,中国港口→洛杉矶港→美国清关→卡车→海外仓,2025-11-01,2025-12-30,,运输中,COSCO
TRKPO000723,PO000723,SKU00069,WH04,中国港口→费利克斯托港→英国清关→卡车→海外仓,2024-07-24,2024-10-13,2024-10-22,已入库,COSCO
TRKPO000724,PO000724,SKU00069,WH05,中国港口→横滨港→日本清关→卡车→海外仓,2024-08-31,2024-11-12,2024-11-16,已入库,ONE
TRKPO000725,PO000725,SKU00069,WH03,中国港口→鹿特丹港→欧盟清关→卡车→海外仓,2024-10-07,2024-12-20,2024-12-28,已入库,COSCO
TRKPO000726,PO000726,SKU00069,WH06,中国港口→新加坡港→东盟清关→卡车→海外仓,2024-11-15,2025-01-12,2025-01-10,已入库,COSCO
TRKPO000727,PO000727,SKU00069,WH02,中国港口→洛杉矶港→美国清关→卡车→海外仓,2024-12-19,2025-03-20,2025-04-01,已入库,COSCO
TRKPO000728,PO000728,SKU00069,WH02,中国港口→洛杉矶港→美国清关→卡车→海外仓,2025-01-22,2025-04-09,2025-04-13,已入库,Evergreen
TRKPO000729,PO000729,SKU00069,WH01,中国港口→洛杉矶港→美国清关→卡车→海外仓,2025-02-26,2025-05-12,2025-05-19,已入库,COSCO
TRKPO000730,PO000730,SKU00069,WH03,中国港口→鹿特丹港→欧盟清关→卡车→海外仓,2025-04-03,2025-06-08,2025-06-16,已入库,MSC
TRKPO000731,PO000731,SKU00069,WH05,中国港口→横滨港→日本清关→卡车→海外仓,2025-05-06,2025-07-08,,已到达目的港,ONE
TRKPO000732,PO000732,SKU00069,WH04,中国港口→费利克斯托港→英国清关→卡车→海外仓,2025-06-23,2025-09-19,,运输中,Evergreen
TRKPO000733,PO000733,SKU00069,WH06,中国港口→新加坡港→东盟清关→卡车→海外仓,2025-08-05,2025-10-21,,清关中,Evergreen
TRKPO000734,PO000734,SKU00069,WH04,中国港口→费利克斯托港→英国清关→卡车→海外仓,2025-09-23,2025-12-11,,清关中,ONE
TRKPO000736,PO000736,SKU00069,WH05,中国港口→横滨港→日本清关→卡车→海外仓,2025-12-10,2026-02-15,,已到达目的港,COSCO
TRKPO000737,PO000737,SKU00070,WH02,中国港口→洛杉矶港→美国清关→卡车→海外仓,2025-03-25,2025-05-22,2025-05-27,已入库,COSCO
TRKPO000738,PO000738,SKU00070,WH03,中国港口→鹿特丹港→欧盟清关→卡车→海外仓,2025-05-14,2025-06-22,2025-07-01,已入库,ONE
TRKPO000739,PO000739,SKU00070,WH01,中国港口→洛杉矶港→美国清关→卡车→海外仓,2025-06-26,2025-08-20,2025-08-25,已入库,ONE
TRKPO000740,PO000740,SKU00070,WH05,中国港口→横滨港→日本清关→卡车→海外仓,2025-08-12,2025-09-19,2025-09-20,已入库,COSCO
TRKPO000741,PO000741,SKU00070,WH02,中国港口→洛杉矶港→美国清关→卡车→海外仓,2025-09-24,2025-11-26,,运输中,COSCO
TRKPO000743,PO000743,SKU00070,WH02,中国港口→洛杉矶港→美国清关→卡车→海外仓,2025-12-03,2026-01-03,,已到达目的港,COSCO
TRKPO000744,PO000744,SKU00071,WH01,中国港口→洛杉矶港→美国清关→卡车→海外仓,2024-05-14,2024-08-01,2024-08-02,已入库,ONE
TRKPO000745,PO000745,SKU00071,WH02,中国港口→洛杉矶港→美国清关→卡车→海外仓,2024-06-15,2024-08-28,2024-08-27,已入库,ONE
TRKPO000746,PO000746,SKU00071,WH06,中国港口→新加坡港→东盟清关→卡车→海外仓,2024-08-06,2024-10-03,2024-10-06,已入库,Maersk
TRKPO000747,PO000747,SKU00071,WH01,中国港口→洛杉矶港→美国清关→卡车→海外仓,2024-09-30,2024-12-08,2024-12-16,已入库,Evergreen
TRKPO000748,PO000748,SKU00071,WH04,中国港口→费利克斯托港→英国清关→卡车→海外仓,2024-11-19,2025-01-28,2025-02-06,已入库,MSC
TRKPO000749,PO000749,SKU00071,WH02,中国港口→洛杉矶港→美国清关→卡车→海外仓,2024-12-24,2025-02-26,2025-02-28,已入库,MSC
TRKPO000750,PO000750,SKU00071,WH06,中国港口→新加坡港→东盟清关→卡车→海外仓,2025-02-11,2025-05-03,2025-04-29,已入库,COSCO
TRKPO000751,PO000751,SKU00071,WH03,中国港口→鹿特丹港→欧盟清关→卡车→海外仓,2025-03-08,2025-05-31,2025-05-30,已入库,Maersk
TRKPO000752,PO000752,SKU00071,WH04,中国港口→费利克斯托港→英国清关→卡车→海外仓,2025-04-11,2025-06-18,2025-06-26,已入库,ONE
TRKPO000753,PO000753,SKU00071,WH06,中国港口→新加坡港→东盟清关→卡车→海外仓,2025-05-06,2025-07-20,2025-07-26,已入库,Maersk
TRKPO000754,PO000754,SKU00071,WH06,中国港口→新加坡港→东盟清关→卡车→海外仓,2025-06-27,2025-08-18,2025-08-30,已入库,MSC
TRKPO000755,PO000755,SKU00071,WH05,中国港口→横滨港→日本清关→卡车→海外仓,2025-08-07,2025-10-17,2025-10-16,已入库,Evergreen
TRKPO000756,PO000756,SKU00071,WH02,中国港口→洛杉矶港→美国清关→卡车→海外仓,2025-09-17,2025-11-08,,清关中,ONE
TRKPO000757,PO000757,SKU00071,WH03,中国港口→鹿特丹港→欧盟清关→卡车→海外仓,2025-10-27,2025-12-27,,清关中,Maersk
TRKPO000758,PO000758,SKU00071,WH01,中国港口→洛杉矶港→美国清关→卡车→海外仓,2025-11-30,2026-02-21,,清关中,COSCO
TRKPO000759,PO000759,SKU00072,WH02,中国港口→洛杉矶港→美国清关→卡车→海外仓,2024-09-08,2024-11-18,2024-11-29,已入库,ONE
TRKPO000760,PO000760,SKU00072,WH01,中国港口→洛杉矶港→美国清关→卡车→海外仓,2024-10-31,2025-01-01,2024-12-31,已入库,COSCO
TRKPO000761,PO000761,SKU00072,WH02,中国港口→洛杉矶港→美国清关→卡车→海外仓,2024-12-11,2025-03-01,2025-03-03,已入库,ONE
TRKPO000762,PO000762,SKU00072,WH04,中国港口→费利克斯托港→英国清关→卡车→海外仓,2025-01-18,2025-04-03,2025-04-15,已入库,COSCO
TRKPO000763,PO000763,SKU00072,WH02,中国港口→洛杉矶港→美国清关→卡车→海外仓,2025-02-18,2025-04-25,2025-05-03,已入库,Maersk
TRKPO000764,PO000764,SKU00072,WH02,中国港口→洛杉矶港→美国清关→卡车→海外仓,2025-04-06,2025-06-07,,运输中,MSC
TRKPO000765,PO000765,SKU00072,WH02,中国港口→洛杉矶港→美国清关→卡车→海外仓,2025-05-06,2025-07-03,2025-07-04,已入库,COSCO
TRKPO000766,PO000766,SKU00072,WH04,中国港口→费利克斯托港→英国清关→卡车→海外仓,2025-06-28,2025-08-22,2025-08-27,已入库,MSC
TRKPO000767,PO000767,SKU00072,WH01,中国港口→洛杉矶港→美国清关→卡车→海外仓,2025-08-15,2025-10-17,,已到达目的港,Evergreen
TRKPO000770,PO000770,SKU00072,WH02,中国港口→洛杉矶港→美国清关→卡车→海外仓,2025-11-24,2026-02-17,,已到达目的港,Evergreen
TRKPO000771,PO000771,SKU00073,WH02,中国港口→洛杉矶港→美国清关→卡车→海外仓,2025-10-31,2025-12-23,,已到达目的港,Maersk
TRKPO000772,PO000772,SKU00073,WH04,中国港口→费利克斯托港→英国清关→卡车→海外仓,2025-12-19,2026-01-28,,已到达目的港,ONE
TRKPO000773,PO000773,SKU00074,WH04,中国港口→费利克斯托港→英国清关→卡车→海外仓,2024-06-09,2024-08-05,2024-08-10,已入库,ONE
TRKPO000774,PO000774,SKU00074,WH04,中国港口→费利克斯托港→英国清关→卡车→海外仓,2024-07-23,2024-09-11,2024-09-15,已入库,Evergreen
TRKPO000775,PO000775,SKU00074,WH06,中国港口→新加坡港→东盟清关→卡车→海外仓,2024-09-09,2024-11-11,2024-11-16,已入库,MSC
TRKPO000776,PO000776,SKU00074,WH01,中国港口→洛杉矶港→美国清关→卡车→海外仓,2024-10-29,2024-12-31,2024-12-29,已入库,Evergreen
TRKPO000777,PO000777,SKU00074,WH05,中国港口→横滨港→日本清关→卡车→海外仓,2024-12-19,2025-02-02,2025-01-29,已入库,Evergreen
TRKPO000778,PO000778,SKU00074,WH05,中国港口→横滨港→日本清关→卡车→海外仓,2025-02-05,2025-03-31,2025-04-02,已入库,COSCO
TRKPO000779,PO000779,SKU00074,WH04,中国港口→费利克斯托港→英国清关→卡车→海外仓,2025-04-01,2025-05-13,2025-05-15,已入库,MSC
TRKPO000780,PO000780,SKU00074,WH04,中国港口→费利克斯托港→英国清关→卡车→海外仓,2025-05-22,2025-07-20,2025-07-29,已入库,ONE
TRKPO000781,PO000781,SKU00074,WH04,中国港口→费利克斯托港→英国清关→卡车→海外仓,2025-07-15,2025-09-16,,运输中,MSC
TRKPO000782,PO000782,SKU00074,WH05,中国港口→横滨港→日本清关→卡车→海外仓,2025-09-01,2025-10-08,,清关中,Maersk
TRKPO000783,PO000783,SKU00074,WH04,中国港口→费利克斯托港→英国清关→卡车→海外仓,2025-09-30,2025-11-25,,已到达目的港,Evergreen
TRKPO000784,PO000784,SKU00074,WH03,中国港口→鹿特丹港→欧盟清关→卡车→海外仓,2025-11-22,2026-01-20,,运输中,Evergreen
TRKPO000785,PO000785,SKU00075,WH01,中国港口→洛杉矶港→美国清关→卡车→海外仓,2025-07-02,2025-08-25,2025-08-25,已入库,COSCO
TRKPO000786,PO000786,SKU00075,WH06,中国港口→新加坡港→东盟清关→卡车→海外仓,2025-08-16,2025-10-07,2025-10-13,已入库,COSCO
TRKPO000787,PO000787,SKU00075,WH05,中国港口→横滨港→日本清关→卡车→海外仓,2025-10-05,2025-12-01,,运输中,Maersk
TRKPO000788,PO000788,SKU00075,WH02,中国港口→洛杉矶港→美国清关→卡车→海外仓,2025-11-28,2026-01-23,,运输中,ONE
TRKPO000789,PO000789,SKU00076,WH03,中国港口→鹿特丹港→欧盟清关→卡车→海外仓,2024-01-30,2024-04-26,2024-04-24,已入库,MSC
TRKPO000790,PO000790,SKU00076,WH01,中国港口→洛杉矶港→美国清关→卡车→海外仓,2024-02-27,2024-05-08,2024-05-12,已入库,Evergreen
TRKPO000791,PO000791,SKU00076,WH04,中国港口→费利克斯托港→英国清关→卡车→海外仓,2024-03-31,2024-06-27,2024-06-28,已入库,ONE
TRKPO000792,PO000792,SKU00076,WH02,中国港口→洛杉矶港→美国清关→卡车→海外仓,2024-05-12,2024-08-10,2024-08-16,已入库,COSCO
TRKPO000793,PO000793,SKU00076,WH04,中国港口→费利克斯托港→英国清关→卡车→海外仓,2024-06-27,2024-09-23,2024-09-18,已入库,MSC
TRKPO000794,PO000794,SKU00076,WH05,中国港口→横滨港→日本清关→卡车→海外仓,2024-08-10,2024-10-23,2024-10-24,已入库,Maersk
TRKPO000795,PO000795,SKU00076,WH01,中国港口→洛杉矶港→美国清关→卡车→海外仓,2024-09-24,2024-12-05,2024-12-05,已入库,MSC
TRKPO000796,PO000796,SKU00076,WH02,中国港口→洛杉矶港→美国清关→卡车→海外仓,2024-10-20,2024-12-20,2024-12-23,已入库,MSC
TRKPO000797,PO000797,SKU00076,WH01,中国港口→洛杉矶港→美国清关→卡车→海外仓,2024-12-05,2025-02-23,2025-02-28,已入库,ONE
TRKPO000798,PO000798,SKU00076,WH06,中国港口→新加坡港→东盟清关→卡车→海外仓,2025-01-12,2025-03-22,2025-03-24,已入库,MSC
TRKPO000799,PO000799,SKU00076,WH06,中国港口→新加坡港→东盟清关→卡车→海外仓,2025-02-27,2025-05-08,,运输中,COSCO
TRKPO000800,PO000800,SKU00076,WH04,中国港口→费利克斯托港→英国清关→卡车→海外仓,2025-03-26,2025-06-13,2025-06-13,已入库,Maersk
TRKPO000801,PO000801,SKU00076,WH04,中国港口→费利克斯托港→英国清关→卡车→海外仓,2025-05-16,2025-07-18,2025-07-16,已入库,COSCO
TRKPO000802,PO000802,SKU00076,WH05,中国港口→横滨港→日本清关→卡车→海外仓,2025-06-18,2025-09-18,2025-09-17,已入库,Evergreen
TRKPO000803,PO000803,SKU00076,WH04,中国港口→费利克斯托港→英国清关→卡车→海外仓,2025-07-14,2025-10-14,,已到达目的港,COSCO
TRKPO000807,PO000807,SKU00076,WH06,中国港口→新加坡港→东盟清关→卡车→海外仓,2025-12-20,2026-02-18,,清关中,MSC
TRKPO000808,PO000808,SKU00077,WH03,中国港口→鹿特丹港→欧盟清关→卡车→海外仓,2025-05-13,2025-08-06,2025-08-10,已入库,Evergreen
TRKPO000809,PO000809,SKU00077,WH06,中国港口→新加坡港→东盟清关→卡车→海外仓,2025-07-02,2025-08-30,2025-09-01,已入库,Maersk
TRKPO000810,PO000810,SKU00077,WH05,中国港口→横滨港→日本清关→卡车→海外仓,2025-08-21,2025-11-07,,清关中,MSC
TRKPO000811,PO000811,SKU00077,WH06,中国港口→新加坡港→东盟清关→卡车→海外仓,2025-09-18,2025-12-07,,已到达目的港,ONE
TRKPO000812,PO000812,SKU00077,WH03,中国港口→鹿特丹港→欧盟清关→卡车→海外仓,2025-11-08,2026-01-18,,清关中,COSCO
TRKPO000813,PO000813,SKU00077,WH02,中国港口→洛杉矶港→美国清关→卡车→海外仓,2025-12-18,2026-02-23,,运输中,MSC
TRKPO000814,PO000814,SKU00078,WH06,中国港口→新加坡港→东盟清关→卡车→海外仓,2024-02-22,2024-05-23,2024-05-22,已入库,MSC
TRKPO000815,PO000815,SKU00078,WH05,中国港口→横滨港→日本清关→卡车→海外仓,2024-04-03,2024-06-27,2024-06-28,已入库,ONE
TRKPO000816,PO000816,SKU00078,WH01,中国港口→洛杉矶港→美国清关→卡车→海外仓,2024-05-04,2024-07-30,2024-08-06,已入库,Maersk
TRKPO000817,PO000817,SKU00078,WH04,中国港口→费利克斯托港→英国清关→卡车→海外仓,2024-06-06,2024-08-31,2024-09-05,已入库,ONE
TRKPO000818,PO000818,SKU00078,WH02,中国港口→洛杉矶港→美国清关→卡车→海外仓,2024-07-27,2024-10-24,2024-11-01,已入库,MSC
TRKPO000819,PO000819,SKU00078,WH06,中国港口→新加坡港→东盟清关→卡车→海外仓,2024-09-17,2024-12-11,2024-12-07,已入库,ONE
TRKPO000820,PO000820,SKU00078,WH02,中国港口→洛杉矶港→美国清关→卡车→海外仓,2024-10-25,2025-01-29,2025-01-30,已入库,ONE
TRKPO000821,PO000821,SKU00078,WH05,中国港口→横滨港→日本清关→卡车→海外仓,2024-12-15,2025-03-03,2025-03-07,已入库,MSC
TRKPO000822,PO000822,SKU00078,WH02,中国港口→洛杉矶港→美国清关→卡车→海外仓,2025-01-12,2025-03-20,2025-03-25,已入库,MSC
TRKPO000823,PO000823,SKU00078,WH04,中国港口→费利克斯托港→英国清关→卡车→海外仓,2025-02-20,2025-04-27,2025-04-23,已入库,Maersk
TRKPO000824,PO000824,SKU00078,WH06,中国港口→新加坡港→东盟清关→卡车→海外仓,2025-03-21,2025-06-15,,运输中,ONE
TRKPO000825,PO000825,SKU00078,WH02,中国港口→洛杉矶港→美国清关→卡车→海外仓,2025-04-25,2025-07-05,2025-07-15,已入库,MSC
TRKPO000826,PO000826,SKU00078,WH01,中国港口→洛杉矶港→美国清关→卡车→海外仓,2025-06-03,2025-09-09,,已到达目的港,COSCO
TRKPO000827,PO000827,SKU00078,WH01,中国港口→洛杉矶港→美国清关→卡车→海外仓,2025-07-25,2025-10-19,2025-10-29,已入库,ONE
TRKPO000829,PO000829,SKU00078,WH05,中国港口→横滨港→日本清关→卡车→海外仓,2025-10-12,2026-01-03,,运输中,MSC
TRKPO000830,PO000830,SKU00078,WH03,中国港口→鹿特丹港→欧盟清关→卡车→海外仓,2025-11-09,2026-01-22,,已到达目的港,Evergreen
TRKPO000831,PO000831,SKU00078,WH05,中国港口→横滨港→日本清关→卡车→海外仓,2025-12-21,2026-03-02,,已到达目的港,ONE
TRKPO000832,PO000832,SKU00079,WH02,中国港口→洛杉矶港→美国清关→卡车→海外仓,2024-01-28,2024-04-04,2024-04-10,已入库,Evergreen
TRKPO000833,PO000833,SKU00079,WH01,中国港口→洛杉矶港→美国清关→卡车→海外仓,2024-03-12,2024-05-31,2024-06-11,已入库,Evergreen
TRKPO000834,PO000834,SKU00079,WH04,中国港口→费利克斯托港→英国清关→卡车→海外仓,2024-04-21,2024-06-18,2024-06-18,已入库,Maersk
TRKPO000835,PO000835,SKU00079,WH06,中国港口→新加坡港→东盟清关→卡车→海外仓,2024-05-29,2024-07-31,2024-08-06,已入库,ONE
TRKPO000836,PO000836,SKU00079,WH03,中国港口→鹿特丹港→欧盟清关→卡车→海外仓,2024-07-11,2024-09-23,2024-10-03,已入库,Evergreen
TRKPO000837,PO000837,SKU00079,WH04,中国港口→费利克斯托港→英国清关→卡车→海外仓,2024-08-11,2024-10-07,2024-10-17,已入库,Maersk
TRKPO000838,PO000838,SKU00079,WH04,中国港口→费利克斯托港→英国清关→卡车→海外仓,2024-09-07,2024-11-04,2024-11-11,已入库,ONE
TRKPO000839,PO000839,SKU00079,WH02,中国港口→洛杉矶港→美国清关→卡车→海外仓,2024-10-22,2025-01-12,2025-01-08,已入库,MSC
TRKPO000840,PO000840,SKU00079,WH04,中国港口→费利克斯托港→英国清关→卡车→海外仓,2024-11-20,2025-02-03,2025-02-05,已入库,MSC
TRKPO000841,PO000841,SKU00079,WH04,中国港口→费利克斯托港→英国清关→卡车→海外仓,2025-01-13,2025-03-26,2025-04-04,已入库,MSC
TRKPO000842,PO000842,SKU00079,WH03,中国港口→鹿特丹港→欧盟清关→卡车→海外仓,2025-02-09,2025-04-09,2025-04-16,已入库,MSC
TRKPO000843,PO000843,SKU00079,WH05,中国港口→横滨港→日本清关→卡车→海外仓,2025-04-02,2025-06-11,2025-06-15,已入库,Evergreen
TRKPO000844,PO000844,SKU00079,WH03,中国港口→鹿特丹港→欧盟清关→卡车→海外仓,2025-05-09,2025-07-20,2025-07-27,已入库,ONE
TRKPO000845,PO000845,SKU00079,WH05,中国港口→横滨港→日本清关→卡车→海外仓,2025-06-15,2025-08-21,2025-08-21,已入库,Maersk
TRKPO000846,PO000846,SKU00079,WH02,中国港口→洛杉矶港→美国清关→卡车→海外仓,2025-07-25,2025-09-19,2025-09-22,已入库,ONE
TRKPO000849,PO000849,SKU00079,WH04,中国港口→费利克斯托港→英国清关→卡车→海外仓,2025-11-30,2026-02-01,,运输中,MSC
TRKPO000850,PO000850,SKU00080,WH04,中国港口→费利克斯托港→英国清关→卡车→海外仓,2024-03-24,2024-06-16,2024-06-13,已入库,Maersk
TRKPO000851,PO000851,SKU00080,WH02,中国港口→洛杉矶港→美国清关→卡车→海外仓,2024-04-19,2024-07-05,2024-07-14,已入库,ONE
TRKPO000852,PO000852,SKU00080,WH06,中国港口→新加坡港→东盟清关→卡车→海外仓,2024-06-11,2024-08-23,2024-08-29,已入库,MSC
TRKPO000853,PO000853,SKU00080,WH05,中国港口→横滨港→日本清关→卡车→海外仓,2024-07-23,2024-10-19,2024-10-15,已入库,Evergreen
TRKPO000854,PO000854,SKU00080,WH03,中国港口→鹿特丹港→欧盟清关→卡车→海外仓,2024-08-23,2024-11-15,2024-11-26,已入库,ONE
TRKPO000855,PO000855,SKU00080,WH06,中国港口→新加坡港→东盟清关→卡车→海外仓,2024-10-16,2025-01-15,2025-01-20,已入库,Evergreen
TRKPO000856,PO000856,SKU00080,WH05,中国港口→横滨港→日本清关→卡车→海外仓,2024-11-21,2025-01-24,2025-02-02,已入库,Evergreen
TRKPO000857,PO000857,SKU00080,WH01,中国港口→洛杉矶港→美国清关→卡车→海外仓,2024-12-28,2025-03-20,2025-03-28,已入库,Evergreen
TRKPO000858,PO000858,SKU00080,WH06,中国港口→新加坡港→东盟清关→卡车→海外仓,2025-02-08,2025-04-13,2025-04-19,已入库,Evergreen
TRKPO000859,PO000859,SKU00080,WH02,中国港口→洛杉矶港→美国清关→卡车→海外仓,2025-03-16,2025-06-06,2025-06-11,已入库,Maersk
TRKPO000860,PO000860,SKU00080,WH04,中国港口→费利克斯托港→英国清关→卡车→海外仓,2025-04-28,2025-07-21,,清关中,COSCO
TRKPO000861,PO000861,SKU00080,WH02,中国港口→洛杉矶港→美国清关→卡车→海外仓,2025-06-13,2025-09-15,,运输中,Evergreen
TRKPO000862,PO000862,SKU00080,WH06,中国港口→新加坡港→东盟清关→卡车→海外仓,2025-07-19,2025-09-30,2025-10-02,已入库,Maersk
TRKPO000865,PO000865,SKU00080,WH05,中国港口→横滨港→日本清关→卡车→海外仓,2025-11-17,2026-01-31,,已到达目的港,COSCO
TRKPO000866,PO000866,SKU00080,WH04,中国港口→费利克斯托港→英国清关→卡车→海外仓,2025-12-24,2026-03-12,,清关中,COSCO
TRKPO000867,PO000867,SKU00081,WH04,中国港口→费利克斯托港→英国清关→卡车→海外仓,2025-07-19,2025-10-12,2025-10-16,已入库,ONE
TRKPO000872,PO000872,SKU00082,WH04,中国港口→费利克斯托港→英国清关→卡车→海外仓,2025-10-14,2025-11-26,,已到达目的港,ONE
TRKPO000873,PO000873,SKU00082,WH03,中国港口→鹿特丹港→欧盟清关→卡车→海外仓,2025-12-01,2026-02-08,,已到达目的港,COSCO
TRKPO000874,PO000874,SKU00083,WH01,中国港口→洛杉矶港→美国清关→卡车→海外仓,2024-06-19,2024-08-16,2024-08-19,已入库,MSC
TRKPO000875,PO000875,SKU00083,WH06,中国港口→新加坡港→东盟清关→卡车→海外仓,2024-08-01,2024-09-15,2024-09-13,已入库,COSCO
TRKPO000876,PO000876,SKU00083,WH04,中国港口→费利克斯托港→英国清关→卡车→海外仓,2024-09-20,2024-11-19,2024-11-16,已入库,Maersk
TRKPO000877,PO000877,SKU00083,WH03,中国港口→鹿特丹港→欧盟清关→卡车→海外仓,2024-10-31,2024-12-29,2024-12-25,已入库,ONE
TRKPO000878,PO000878,SKU00083,WH01,中国港口→洛杉矶港→美国清关→卡车→海外仓,2024-12-03,2025-01-30,2025-01-31,已入库,Maersk
TRKPO000879,PO000879,SKU00083,WH06,中国港口→新加坡港→东盟清关→卡车→海外仓,2025-01-16,2025-03-08,2025-03-09,已入库,Maersk
TRKPO000880,PO000880,SKU00083,WH04,中国港口→费利克斯托港→英国清关→卡车→海外仓,2025-03-07,2025-05-04,2025-05-07,已入库,Maersk
TRKPO000881,PO000881,SKU00083,WH02,中国港口→洛杉矶港→美国清关→卡车→海外仓,2025-04-17,2025-06-19,2025-06-22,已入库,MSC
TRKPO000882,PO000882,SKU00083,WH04,中国港口→费利克斯托港→英国清关→卡车→海外仓,2025-06-07,2025-08-19,,已到达目的港,ONE
TRKPO000883,PO000883,SKU00083,WH06,中国港口→新加坡港→东盟清关→卡车→海外仓,2025-07-22,2025-09-15,2025-09-14,已入库,ONE
TRKPO000884,PO000884,SKU00083,WH02,中国港口→洛杉矶港→美国清关→卡车→海外仓,2025-08-17,2025-10-05,,清关中,COSCO
TRKPO000885,PO000885,SKU00083,WH06,中国港口→新加坡港→东盟清关→卡车→海外仓,2025-09-26,2025-11-21,,清关中,Maersk
TRKPO000886,PO000886,SKU00083,WH03,中国港口→鹿特丹港→欧盟清关→卡车→海外仓,2025-10-25,2026-01-02,,清关中,Evergreen
TRKPO000888,PO000888,SKU00084,WH03,中国港口→鹿特丹港→欧盟清关→卡车→海外仓,2024-08-26,2024-11-01,2024-11-08,已入库,ONE
TRKPO000889,PO000889,SKU00084,WH04,中国港口→费利克斯托港→英国清关→卡车→海外仓,2024-09-23,2024-12-03,2024-11-28,已入库,Evergreen
TRKPO000890,PO000890,SKU00084,WH05,中国港口→横滨港→日本清关→卡车→海外仓,2024-11-10,2025-01-07,2025-01-18,已入库,MSC
TRKPO000891,PO000891,SKU00084,WH05,中国港口→横滨港→日本清关→卡车→海外仓,2024-12-27,2025-03-03,2025-03-10,已入库,MSC
TRKPO000892,PO000892,SKU00084,WH04,中国港口→费利克斯托港→英国清关→卡车→海外仓,2025-01-21,2025-03-08,2025-03-10,已入库,MSC
TRKPO000893,PO000893,SKU00084,WH02,中国港口→洛杉矶港→美国清关→卡车→海外仓,2025-02-18,2025-04-27,2025-05-07,已入库,MSC
TRKPO000894,PO000894,SKU00084,WH05,中国港口→横滨港→日本清关→卡车→海外仓,2025-03-23,2025-05-10,2025-05-21,已入库,ONE
TRKPO000895,PO000895,SKU00084,WH01,中国港口→洛杉矶港→美国清关→卡车→海外仓,2025-05-17,2025-07-09,2025-07-21,已入库,Evergreen
TRKPO000896,PO000896,SKU00084,WH06,中国港口→新加坡港→东盟清关→卡车→海外仓,2025-06-15,2025-08-11,2025-08-20,已入库,Maersk
TRKPO000897,PO000897,SKU00084,WH04,中国港口→费利克斯托港→英国清关→卡车→海外仓,2025-07-19,2025-09-07,2025-09-04,已入库,Maersk
TRKPO000898,PO000898,SKU00084,WH02,中国港口→洛杉矶港→美国清关→卡车→海外仓,2025-08-21,2025-10-26,2025-10-27,已入库,Evergreen
TRKPO000899,PO000899,SKU00084,WH01,中国港口→洛杉矶港→美国清关→卡车→海外仓,2025-09-16,2025-11-25,,已到达目的港,Evergreen
TRKPO000900,PO000900,SKU00084,WH02,中国港口→洛杉矶港→美国清关→卡车→海外仓,2025-10-16,2025-12-05,,运输中,Evergreen
TRKPO000902,PO000902,SKU00085,WH01,中国港口→洛杉矶港→美国清关→卡车→海外仓,2025-03-10,2025-04-12,2025-04-21,已入库,ONE
TRKPO000903,PO000903,SKU00085,WH04,中国港口→费利克斯托港→英国清关→卡车→海外仓,2025-04-22,2025-06-16,2025-06-11,已入库,Maersk
TRKPO000904,PO000904,SKU00085,WH03,中国港口→鹿特丹港→欧盟清关→卡车→海外仓,2025-06-06,2025-07-05,,运输中,ONE
TRKPO000905,PO000905,SKU00085,WH04,中国港口→费利克斯托港→英国清关→卡车→海外仓,2025-07-13,2025-09-10,2025-09-09,已入库,Maersk
TRKPO000906,PO000906,SKU00085,WH04,中国港口→费利克斯托港→英国清关→卡车→海外仓,2025-08-19,2025-09-29,,已到达目的港,COSCO
TRKPO000907,PO000907,SKU00085,WH06,中国港口→新加坡港→东盟清关→卡车→海外仓,2025-09-28,2025-11-16,,清关中,Maersk
TRKPO000909,PO000909,SKU00086,WH05,中国港口→横滨港→日本清关→卡车→海外仓,2025-03-16,2025-04-27,2025-05-02,已入库,MSC
TRKPO000910,PO000910,SKU00086,WH01,中国港口→洛杉矶港→美国清关→卡车→海外仓,2025-04-22,2025-06-11,,清关中,Evergreen
TRKPO000911,PO000911,SKU00086,WH01,中国港口→洛杉矶港→美国清关→卡车→海外仓,2025-05-19,2025-07-01,2025-07-08,已入库,ONE
TRKPO000912,PO000912,SKU00086,WH01,中国港口→洛杉矶港→美国清关→卡车→海外仓,2025-07-06,2025-09-06,2025-09-10,已入库,Maersk
TRKPO000913,PO000913,SKU00086,WH01,中国港口→洛杉矶港→美国清关→卡车→海外仓,2025-08-15,2025-10-13,,已到达目的港,COSCO
TRKPO000914,PO000914,SKU00086,WH02,中国港口→洛杉矶港→美国清关→卡车→海外仓,2025-10-02,2025-11-27,,已到达目的港,COSCO
TRKPO000917,PO000917,SKU00087,WH06,中国港口→新加坡港→东盟清关→卡车→海外仓,2025-06-07,2025-07-12,2025-07-11,已入库,MSC
TRKPO000918,PO000918,SKU00087,WH02,中国港口→洛杉矶港→美国清关→卡车→海外仓,2025-07-11,2025-09-13,2025-09-18,已入库,ONE
TRKPO000919,PO000919,SKU00087,WH05,中国港口→横滨港→日本清关→卡车→海外仓,2025-08-07,2025-09-18,2025-09-25,已入库,Evergreen
TRKPO000920,PO000920,SKU00087,WH06,中国港口→新加坡港→东盟清关→卡车→海外仓,2025-09-26,2025-11-27,,运输中,Evergreen
TRKPO000921,PO000921,SKU00087,WH02,中国港口→洛杉矶港→美国清关→卡车→海外仓,2025-11-11,2025-12-24,,运输中,ONE
TRKPO000922,PO000922,SKU00087,WH02,中国港口→洛杉矶港→美国清关→卡车→海外仓,2025-12-16,2026-01-27,,清关中,MSC
TRKPO000923,PO000923,SKU00088,WH02,中国港口→洛杉矶港→美国清关→卡车→海外仓,2024-11-16,2025-02-02,2025-02-12,已入库,COSCO
TRKPO000924,PO000924,SKU00088,WH06,中国港口→新加坡港→东盟清关→卡车→海外仓,2024-12-12,2025-02-06,2025-02-11,已入库,ONE
TRKPO000925,PO000925,SKU00088,WH04,中国港口→费利克斯托港→英国清关→卡车→海外仓,2025-01-30,2025-03-22,2025-03-31,已入库,Maersk
TRKPO000926,PO000926,SKU00088,WH06,中国港口→新加坡港→东盟清关→卡车→海外仓,2025-02-24,2025-04-20,2025-04-17,已入库,MSC
TRKPO000927,PO000927,SKU00088,WH06,中国港口→新加坡港→东盟清关→卡车→海外仓,2025-04-18,2025-07-03,,运输中,ONE
TRKPO000928,PO000928,SKU00088,WH02,中国港口→洛杉矶港→美国清关→卡车→海外仓,2025-05-21,2025-08-07,,运输中,COSCO
TRKPO000929,PO000929,SKU00088,WH01,中国港口→洛杉矶港→美国清关→卡车→海外仓,2025-06-16,2025-09-05,2025-09-15,已入库,COSCO
TRKPO000930,PO000930,SKU00088,WH01,中国港口→洛杉矶港→美国清关→卡车→海外仓,2025-08-05,2025-10-16,2025-10-16,已入库,MSC
TRKPO000932,PO000932,SKU00088,WH02,中国港口→洛杉矶港→美国清关→卡车→海外仓,2025-10-31,2026-01-06,,运输中,Evergreen
TRKPO000933,PO000933,SKU00088,WH02,中国港口→洛杉矶港→美国清关→卡车→海外仓,2025-12-22,2026-03-13,,清关中,MSC
TRKPO000934,PO000934,SKU00089,WH04,中国港口→费利克斯托港→英国清关→卡车→海外仓,2024-09-17,2024-11-30,2024-12-02,已入库,Maersk
TRKPO000935,PO000935,SKU00089,WH01,中国港口→洛杉矶港→美国清关→卡车→海外仓,2024-10-31,2025-01-02,2025-01-13,已入库,COSCO
TRKPO000936,PO000936,SKU00089,WH02,中国港口→洛杉矶港→美国清关→卡车→海外仓,2024-12-24,2025-03-06,2025-03-15,已入库,COSCO
TRKPO000937,PO000937,SKU00089,WH01,中国港口→洛杉矶港→美国清关→卡车→海外仓,2025-02-02,2025-04-11,2025-04-17,已入库,ONE
TRKPO000938,PO000938,SKU00089,WH02,中国港口→洛杉矶港→美国清关→卡车→海外仓,2025-03-22,2025-06-11,,运输中,MSC
TRKPO000939,PO000939,SKU00089,WH01,中国港口→洛杉矶港→美国清关→卡车→海外仓,2025-04-23,2025-07-13,2025-07-18,已入库,Evergreen
TRKPO000940,PO000940,SKU00089,WH01,中国港口→洛杉矶港→美国清关→卡车→海外仓,2025-05-31,2025-08-24,2025-08-31,已入库,MSC
TRKPO000941,PO000941,SKU00089,WH02,中国港口→洛杉矶港→美国清关→卡车→海外仓,2025-07-10,2025-10-06,,运输中,MSC
TRKPO000942,PO000942,SKU00089,WH06,中国港口→新加坡港→东盟清关→卡车→海外仓,2025-08-16,2025-10-24,2025-11-05,已入库,Evergreen
TRKPO000943,PO000943,SKU00089,WH01,中国港口→洛杉矶港→美国清关→卡车→海外仓,2025-09-18,2025-12-09,,清关中,COSCO
TRKPO000944,PO000944,SKU00089,WH04,中国港口→费利克斯托港→英国清关→卡车→海外仓,2025-10-17,2026-01-15,,清关中,MSC
TRKPO000947,PO000947,SKU00091,WH06,中国港口→新加坡港→东盟清关→卡车→海外仓,2024-09-29,2024-11-03,2024-11-02,已入库,MSC
TRKPO000948,PO000948,SKU00091,WH03,中国港口→鹿特丹港→欧盟清关→卡车→海外仓,2024-11-20,2025-01-09,2025-01-13,已入库,Evergreen
TRKPO000949,PO000949,SKU00091,WH04,中国港口→费利克斯托港→英国清关→卡车→海外仓,2024-12-22,2025-01-26,2025-02-05,已入库,MSC
TRKPO000950,PO000950,SKU00091,WH01,中国港口→洛杉矶港→美国清关→卡车→海外仓,2025-01-17,2025-03-25,2025-03-29,已入库,ONE
TRKPO000951,PO000951,SKU00091,WH04,中国港口→费利克斯托港→英国清关→卡车→海外仓,2025-02-23,2025-04-05,2025-04-06,已入库,ONE
TRKPO000952,PO000952,SKU00091,WH06,中国港口→新加坡港→东盟清关→卡车→海外仓,2025-03-22,2025-04-26,2025-05-05,已入库,Maersk
TRKPO000953,PO000953,SKU00091,WH03,中国港口→鹿特丹港→欧盟清关→卡车→海外仓,2025-05-16,2025-06-28,2025-06-29,已入库,COSCO
TRKPO000954,PO000954,SKU00091,WH06,中国港口→新加坡港→东盟清关→卡车→海外仓,2025-06-10,2025-08-03,2025-08-02,已入库,Evergreen
TRKPO000955,PO000955,SKU00091,WH02,中国港口→洛杉矶港→美国清关→卡车→海外仓,2025-07-23,2025-09-25,2025-09-22,已入库,Evergreen
TRKPO000957,PO000957,SKU00091,WH03,中国港口→鹿特丹港→欧盟清关→卡车→海外仓,2025-10-18,2025-12-25,,已到达目的港,MSC
TRKPO000959,PO000959,SKU00092,WH01,中国港口→洛杉矶港→美国清关→卡车→海外仓,2024-09-06,2024-11-30,2024-12-11,已入库,Maersk
TRKPO000960,PO000960,SKU00092,WH03,中国港口→鹿特丹港→欧盟清关→卡车→海外仓,2024-10-12,2024-12-15,2024-12-25,已入库,Evergreen
TRKPO000961,PO000961,SKU00092,WH05,中国港口→横滨港→日本清关→卡车→海外仓,2024-11-26,2025-01-31,2025-02-09,已入库,ONE
TRKPO000962,PO000962,SKU00092,WH02,中国港口→洛杉矶港→美国清关→卡车→海外仓,2024-12-27,2025-03-20,2025-03-16,已入库,COSCO
TRKPO000963,PO000963,SKU00092,WH06,中国港口→新加坡港→东盟清关→卡车→海外仓,2025-02-10,2025-04-26,2025-04-30,已入库,Evergreen
TRKPO000964,PO000964,SKU00092,WH03,中国港口→鹿特丹港→欧盟清关→卡车→海外仓,2025-03-17,2025-06-04,,清关中,Maersk
TRKPO000965,PO000965,SKU00092,WH04,中国港口→费利克斯托港→英国清关→卡车→海外仓,2025-04-25,2025-07-28,2025-08-04,已入库,ONE
TRKPO000966,PO000966,SKU00092,WH05,中国港口→横滨港→日本清关→卡车→海外仓,2025-06-10,2025-08-29,,运输中,Evergreen
TRKPO000967,PO000967,SKU00092,WH01,中国港口→洛杉矶港→美国清关→卡车→海外仓,2025-07-27,2025-10-09,2025-10-11,已入库,MSC
TRKPO000968,PO000968,SKU00092,WH03,中国港口→鹿特丹港→欧盟清关→卡车→海外仓,2025-08-30,2025-11-06,,已到达目的港,Evergreen
TRKPO000970,PO000970,SKU00092,WH04,中国港口→费利克斯托港→英国清关→卡车→海外仓,2025-11-09,2026-02-09,,清关中,Evergreen
TRKPO000971,PO000971,SKU00092,WH02,中国港口→洛杉矶港→美国清关→卡车→海外仓,2025-12-13,2026-02-17,,已到达目的港,MSC
TRKPO000972,PO000972,SKU00093,WH04,中国港口→费利克斯托港→英国清关→卡车→海外仓,2024-05-06,2024-07-30,2024-07-28,已入库,Evergreen
TRKPO000973,PO000973,SKU00093,WH04,中国港口→费利克斯托港→英国清关→卡车→海外仓,2024-06-22,2024-09-23,2024-09-19,已入库,MSC
TRKPO000974,PO000974,SKU00093,WH03,中国港口→鹿特丹港→欧盟清关→卡车→海外仓,2024-07-21,2024-10-04,2024-10-04,已入库,Maersk
TRKPO000975,PO000975,SKU00093,WH02,中国港口→洛杉矶港→美国清关→卡车→海外仓,2024-08-26,2024-11-02,2024-11-14,已入库,Maersk
TRKPO000976,PO000976,SKU00093,WH06,中国港口→新加坡港→东盟清关→卡车→海外仓,2024-10-04,2024-12-18,2024-12-15,已入库,MSC
TRKPO000977,PO000977,SKU00093,WH02,中国港口→洛杉矶港→美国清关→卡车→海外仓,2024-11-03,2025-01-16,2025-01-26,已入库,Evergreen
TRKPO000978,PO000978,SKU00093,WH04,中国港口→费利克斯托港→英国清关→卡车→海外仓,2024-11-29,2025-02-10,2025-02-22,已入库,COSCO
TRKPO000979,PO000979,SKU00093,WH06,中国港口→新加坡港→东盟清关→卡车→海外仓,2024-12-29,2025-03-06,2025-03-12,已入库,COSCO
TRKPO000980,PO000980,SKU00093,WH05,中国港口→横滨港→日本清关→卡车→海外仓,2025-02-03,2025-05-02,,运输中,ONE
TRKPO000981,PO000981,SKU00093,WH02,中国港口→洛杉矶港→美国清关→卡车→海外仓,2025-03-03,2025-06-01,,清关中,Evergreen
TRKPO000982,PO000982,SKU00093,WH06,中国港口→新加坡港→东盟清关→卡车→海外仓,2025-04-01,2025-07-07,2025-07-16,已入库,MSC
TRKPO000983,PO000983,SKU00093,WH06,中国港口→新加坡港→东盟清关→卡车→海外仓,2025-05-05,2025-08-06,2025-08-09,已入库,MSC
TRKPO000984,PO000984,SKU00093,WH01,中国港口→洛杉矶港→美国清关→卡车→海外仓,2025-05-31,2025-08-11,2025-08-22,已入库,COSCO
TRKPO000985,PO000985,SKU00093,WH01,中国港口→洛杉矶港→美国清关→卡车→海外仓,2025-07-09,2025-09-17,2025-09-26,已入库,COSCO
TRKPO000986,PO000986,SKU00093,WH01,中国港口→洛杉矶港→美国清关→卡车→海外仓,2025-08-19,2025-11-09,,运输中,Evergreen
TRKPO000987,PO000987,SKU00093,WH02,中国港口→洛杉矶港→美国清关→卡车→海外仓,2025-10-04,2026-01-09,,清关中,Maersk
TRKPO000988,PO000988,SKU00093,WH02,中国港口→洛杉矶港→美国清关→卡车→海外仓,2025-11-14,2026-02-10,,已到达目的港,Evergreen
TRKPO000989,PO000989,SKU00093,WH03,中国港口→鹿特丹港→欧盟清关→卡车→海外仓,2025-12-21,2026-02-24,,运输中,Evergreen
TRKPO000990,PO000990,SKU00094,WH06,中国港口→新加坡港→东盟清关→卡车→海外仓,2024-06-27,2024-08-19,2024-08-15,已入库,COSCO
TRKPO000991,PO000991,SKU00094,WH03,中国港口→鹿特丹港→欧盟清关→卡车→海外仓,2024-08-14,2024-10-21,2024-10-24,已入库,COSCO
TRKPO000992,PO000992,SKU00094,WH02,中国港口→洛杉矶港→美国清关→卡车→海外仓,2024-10-01,2024-12-06,2024-12-05,已入库,Maersk
TRKPO000993,PO000993,SKU00094,WH02,中国港口→洛杉矶港→美国清关→卡车→海外仓,2024-11-14,2025-01-02,2025-01-11,已入库,Evergreen
TRKPO000994,PO000994,SKU00094,WH01,中国港口→洛杉矶港→美国清关→卡车→海外仓,2025-01-05,2025-03-07,2025-03-16,已入库,COSCO
TRKPO000995,PO000995,SKU00094,WH01,中国港口→洛杉矶港→美国清关→卡车→海外仓,2025-02-17,2025-04-03,2025-03-31,已入库,ONE
TRKPO000996,PO000996,SKU00094,WH05,中国港口→横滨港→日本清关→卡车→海外仓,2025-04-12,2025-06-17,2025-06-19,已入库,Evergreen
TRKPO000997,PO000997,SKU00094,WH04,中国港口→费利克斯托港→英国清关→卡车→海外仓,2025-05-25,2025-07-16,2025-07-15,已入库,Evergreen
TRKPO000998,PO000998,SKU00094,WH03,中国港口→鹿特丹港→欧盟清关→卡车→海外仓,2025-07-04,2025-09-01,2025-09-04,已入库,MSC
TRKPO000999,PO000999,SKU00094,WH01,中国港口→洛杉矶港→美国清关→卡车→海外仓,2025-08-21,2025-10-14,,运输中,COSCO
TRKPO001001,PO001001,SKU00094,WH03,中国港口→鹿特丹港→欧盟清关→卡车→海外仓,2025-11-14,2025-12-25,,已到达目的港,COSCO
TRKPO001004,PO001004,SKU00095,WH04,中国港口→费利克斯托港→英国清关→卡车→海外仓,2025-11-22,2026-01-29,,运输中,Maersk
TRKPO001005,PO001005,SKU00095,WH04,中国港口→费利克斯托港→英国清关→卡车→海外仓,2025-12-22,2026-03-08,,运输中,ONE
TRKPO001006,PO001006,SKU00096,WH05,中国港口→横滨港→日本清关→卡车→海外仓,2025-04-16,2025-06-20,2025-06-27,已入库,MSC
TRKPO001007,PO001007,SKU00096,WH05,中国港口→横滨港→日本清关→卡车→海外仓,2025-05-31,2025-07-08,2025-07-05,已入库,COSCO
TRKPO001008,PO001008,SKU00096,WH01,中国港口→洛杉矶港→美国清关→卡车→海外仓,2025-07-05,2025-08-23,2025-08-26,已入库,MSC
TRKPO001009,PO001009,SKU00096,WH03,中国港口→鹿特丹港→欧盟清关→卡车→海外仓,2025-08-03,2025-09-12,2025-09-21,已入库,Maersk
TRKPO001010,PO001010,SKU00096,WH01,中国港口→洛杉矶港→美国清关→卡车→海外仓,2025-09-12,2025-11-04,,运输中,MSC
TRKPO001012,PO001012,SKU00096,WH01,中国港口→洛杉矶港→美国清关→卡车→海外仓,2025-11-30,2026-01-30,,已到达目的港,COSCO
TRKPO001013,PO001013,SKU00097,WH04,中国港口→费利克斯托港→英国清关→卡车→海外仓,2025-09-10,2025-11-01,,已到达目的港,ONE
TRKPO001016,PO001016,SKU00097,WH01,中国港口→洛杉矶港→美国清关→卡车→海外仓,2025-12-27,2026-02-01,,运输中,Evergreen
TRKPO001017,PO001017,SKU00098,WH06,中国港口→新加坡港→东盟清关→卡车→海外仓,2024-01-01,2024-03-10,2024-03-06,已入库,ONE
TRKPO001018,PO001018,SKU00098,WH03,中国港口→鹿特丹港→欧盟清关→卡车→海外仓,2024-01-27,2024-04-10,2024-04-08,已入库,Evergreen
TRKPO001019,PO001019,SKU00098,WH01,中国港口→洛杉矶港→美国清关→卡车→海外仓,2024-03-01,2024-05-13,2024-05-17,已入库,Evergreen
TRKPO001020,PO001020,SKU00098,WH06,中国港口→新加坡港→东盟清关→卡车→海外仓,2024-04-01,2024-06-18,2024-06-14,已入库,ONE
TRKPO001021,PO001021,SKU00098,WH05,中国港口→横滨港→日本清关→卡车→海外仓,2024-04-28,2024-07-21,2024-07-16,已入库,COSCO
TRKPO001022,PO001022,SKU00098,WH05,中国港口→横滨港→日本清关→卡车→海外仓,2024-05-28,2024-08-18,2024-08-25,已入库,MSC
TRKPO001023,PO001023,SKU00098,WH02,中国港口→洛杉矶港→美国清关→卡车→海外仓,2024-06-25,2024-10-03,2024-10-05,已入库,Maersk
TRKPO001024,PO001024,SKU00098,WH05,中国港口→横滨港→日本清关→卡车→海外仓,2024-08-19,2024-11-04,2024-11-06,已入库,MSC
TRKPO001025,PO001025,SKU00098,WH05,中国港口→横滨港→日本清关→卡车→海外仓,2024-10-06,2024-12-25,2024-12-22,已入库,COSCO
TRKPO001026,PO001026,SKU00098,WH04,中国港口→费利克斯托港→英国清关→卡车→海外仓,2024-11-15,2025-02-01,2025-02-09,已入库,COSCO
TRKPO001027,PO001027,SKU00098,WH04,中国港口→费利克斯托港→英国清关→卡车→海外仓,2024-12-13,2025-03-12,2025-03-07,已入库,Maersk
TRKPO001028,PO001028,SKU00098,WH01,中国港口→洛杉矶港→美国清关→卡车→海外仓,2025-01-23,2025-04-26,2025-04-27,已入库,COSCO
TRKPO001029,PO001029,SKU00098,WH05,中国港口→横滨港→日本清关→卡车→海外仓,2025-02-27,2025-06-03,2025-06-05,已入库,COSCO
TRKPO001030,PO001030,SKU00098,WH01,中国港口→洛杉矶港→美国清关→卡车→海外仓,2025-04-17,2025-07-11,2025-07-11,已入库,MSC
TRKPO001031,PO001031,SKU00098,WH05,中国港口→横滨港→日本清关→卡车→海外仓,2025-05-15,2025-08-08,,运输中,Evergreen
TRKPO001032,PO001032,SKU00098,WH04,中国港口→费利克斯托港→英国清关→卡车→海外仓,2025-07-05,2025-09-24,2025-10-05,已入库,COSCO
TRKPO001033,PO001033,SKU00098,WH04,中国港口→费利克斯托港→英国清关→卡车→海外仓,2025-08-26,2025-11-13,,清关中,Maersk
TRKPO001034,PO001034,SKU00098,WH04,中国港口→费利克斯托港→英国清关→卡车→海外仓,2025-09-20,2025-12-02,,已到达目的港,MSC
TRKPO001035,PO001035,SKU00098,WH06,中国港口→新加坡港→东盟清关→卡车→海外仓,2025-10-18,2026-01-18,,已到达目的港,MSC
TRKPO001036,PO001036,SKU00098,WH02,中国港口→洛杉矶港→美国清关→卡车→海外仓,2025-12-11,2026-02-20,,已到达目的港,Evergreen
TRKPO001037,PO001037,SKU00099,WH06,中国港口→新加坡港→东盟清关→卡车→海外仓,2024-09-02,2024-11-30,2024-12-08,已入库,COSCO
TRKPO001038,PO001038,SKU00099,WH03,中国港口→鹿特丹港→欧盟清关→卡车→海外仓,2024-10-21,2025-01-16,2025-01-18,已入库,MSC
TRKPO001039,PO001039,SKU00099,WH05,中国港口→横滨港→日本清关→卡车→海外仓,2024-12-04,2025-03-07,2025-03-05,已入库,Maersk
TRKPO001040,PO001040,SKU00099,WH01,中国港口→洛杉矶港→美国清关→卡车→海外仓,2025-01-22,2025-03-31,2025-04-05,已入库,MSC
TRKPO001041,PO001041,SKU00099,WH01,中国港口→洛杉矶港→美国清关→卡车→海外仓,2025-03-03,2025-05-12,2025-05-07,已入库,Evergreen
TRKPO001042,PO001042,SKU00099,WH02,中国港口→洛杉矶港→美国清关→卡车→海外仓,2025-04-23,2025-07-25,2025-07-30,已入库,COSCO
TRKPO001043,PO001043,SKU00099,WH05,中国港口→横滨港→日本清关→卡车→海外仓,2025-06-08,2025-08-18,2025-08-25,已入库,MSC
TRKPO001044,PO001044,SKU00099,WH02,中国港口→洛杉矶港→美国清关→卡车→海外仓,2025-07-24,2025-10-25,2025-11-03,已入库,MSC
TRKPO001046,PO001046,SKU00099,WH03,中国港口→鹿特丹港→欧盟清关→卡车→海外仓,2025-10-11,2026-01-05,,运输中,Maersk
TRKPO001048,PO001048,SKU00099,WH02,中国港口→洛杉矶港→美国清关→卡车→海外仓,2025-12-23,2026-03-26,,已到达目的港,ONE
TRKPO001049,PO001049,SKU00100,WH04,中国港口→费利克斯托港→英国清关→卡车→海外仓,2025-02-18,2025-04-23,2025-04-29,已入库,COSCO
TRKPO001050,PO001050,SKU00100,WH04,中国港口→费利克斯托港→英国清关→卡车→海外仓,2025-03-20,2025-04-26,2025-04-23,已入库,MSC
TRKPO001051,PO001051,SKU00100,WH03,中国港口→鹿特丹港→欧盟清关→卡车→海外仓,2025-05-02,2025-06-27,2025-07-05,已入库,Maersk
TRKPO001052,PO001052,SKU00100,WH06,中国港口→新加坡港→东盟清关→卡车→海外仓,2025-05-31,2025-07-26,2025-08-05,已入库,COSCO
TRKPO001053,PO001053,SKU00100,WH04,中国港口→费利克斯托港→英国清关→卡车→海外仓,2025-06-28,2025-08-23,2025-09-04,已入库,ONE
TRKPO001054,PO001054,SKU00100,WH01,中国港口→洛杉矶港→美国清关→卡车→海外仓,2025-07-30,2025-09-21,2025-09-21,已入库,Maersk
TRKPO001055,PO001055,SKU00100,WH02,中国港口→洛杉矶港→美国清关→卡车→海外仓,2025-08-26,2025-10-06,2025-10-04,已入库,ONE
TRKPO001056,PO001056,SKU00100,WH03,中国港口→鹿特丹港→欧盟清关→卡车→海外仓,2025-10-04,2025-12-09,,清关中,Evergreen
TRKPO001058,PO001058,SKU00100,WH04,中国港口→费利克斯托港→英国清关→卡车→海外仓,2025-12-08,2026-01-24,,已到达目的港,MSC
